"year","EducIndex","iso3c"
1990,0.122,"AFG"
1990,0.584,"ALB"
1990,0.385,"DZA"
1990,NA,"AND"
1990,NA,"AGO"
1990,NA,"ATG"
1990,0.628,"ARG"
1990,0.634,"ARM"
1990,0.873,"AUS"
1990,0.676,"AUT"
1990,NA,"AZE"
1990,NA,"BHS"
1990,0.574,"BHR"
1990,0.251,"BGD"
1990,0.625,"BRB"
1990,NA,"BLR"
1990,0.705,"BEL"
1990,0.573,"BLZ"
1990,0.201,"BEN"
1990,NA,"BTN"
1990,0.528,"BOL"
1990,NA,"BIH"
1990,0.461,"BWA"
1990,0.463,"BRA"
1990,0.588,"BRN"
1990,0.632,"BGR"
1990,NA,"BFA"
1990,0.171,"BDI"
1990,NA,"CPV"
1990,0.276,"KHM"
1990,0.339,"CMR"
1990,0.806,"CAN"
1990,0.214,"CAF"
1990,NA,"TCD"
1990,0.626,"CHL"
1990,0.405,"CHN"
1990,0.433,"COL"
1990,NA,"COM"
1990,0.455,"COG"
1990,0.263,"COD"
1990,0.505,"CRI"
1990,0.498,"HRV"
1990,0.624,"CUB"
1990,0.546,"CYP"
1990,0.609,"CZE"
1990,0.233,"CIV"
1990,0.69,"DNK"
1990,NA,"DJI"
1990,NA,"DMA"
1990,0.485,"DOM"
1990,0.551,"ECU"
1990,0.389,"EGY"
1990,0.382,"SLV"
1990,NA,"GNQ"
1990,NA,"ERI"
1990,0.675,"EST"
1990,0.407,"SWZ"
1990,NA,"ETH"
1990,0.616,"FJI"
1990,0.666,"FIN"
1990,0.632,"FRA"
1990,0.473,"GAB"
1990,0.183,"GMB"
1990,NA,"GEO"
1990,0.692,"DEU"
1990,0.375,"GHA"
1990,0.607,"GRC"
1990,NA,"GRD"
1990,0.284,"GTM"
1990,0.121,"GIN"
1990,NA,"GNB"
1990,0.507,"GUY"
1990,0.288,"HTI"
1990,0.355,"HND"
1990,0.64,"HKG"
1990,0.598,"HUN"
1990,0.678,"ISL"
1990,0.311,"IND"
1990,0.389,"IDN"
1990,0.397,"IRN"
1990,0.373,"IRQ"
1990,0.661,"IRL"
1990,0.714,"ISR"
1990,0.599,"ITA"
1990,0.509,"JAM"
1990,0.691,"JPN"
1990,0.496,"JOR"
1990,0.613,"KAZ"
1990,0.376,"KEN"
1990,NA,"KIR"
1990,0.676,"KOR"
1990,0.476,"KWT"
1990,0.619,"KGZ"
1990,0.288,"LAO"
1990,0.604,"LVA"
1990,NA,"LBN"
1990,0.415,"LSO"
1990,NA,"LBR"
1990,0.516,"LBY"
1990,NA,"LIE"
1990,0.655,"LTU"
1990,0.602,"LUX"
1990,NA,"MDG"
1990,0.231,"MWI"
1990,0.488,"MYS"
1990,NA,"MDV"
1990,0.081,"MLI"
1990,0.605,"MLT"
1990,NA,"MHL"
1990,0.178,"MRT"
1990,0.481,"MUS"
1990,0.48,"MEX"
1990,NA,"FSM"
1990,0.598,"MDA"
1990,0.539,"MNG"
1990,NA,"MNE"
1990,0.254,"MAR"
1990,0.131,"MOZ"
1990,0.251,"MMR"
1990,0.495,"NAM"
1990,0.276,"NPL"
1990,0.746,"NLD"
1990,0.787,"NZL"
1990,0.349,"NIC"
1990,0.082,"NER"
1990,NA,"NGA"
1990,0.772,"NOR"
1990,NA,"OMN"
1990,0.205,"PAK"
1990,NA,"PLW"
1990,NA,"PSE"
1990,0.538,"PAN"
1990,0.207,"PNG"
1990,0.431,"PRY"
1990,0.551,"PER"
1990,0.519,"PHL"
1990,0.665,"POL"
1990,0.536,"PRT"
1990,0.507,"QAT"
1990,0.632,"ROU"
1990,0.663,"RUS"
1990,0.218,"RWA"
1990,NA,"KNA"
1990,NA,"LCA"
1990,NA,"VCT"
1990,0.577,"WSM"
1990,0.323,"STP"
1990,0.489,"SAU"
1990,0.198,"SEN"
1990,0.61,"SRB"
1990,NA,"SYC"
1990,0.19,"SLE"
1990,0.488,"SGP"
1990,0.679,"SVK"
1990,0.696,"SVN"
1990,NA,"SLB"
1990,0.532,"ZAF"
1990,NA,"SSD"
1990,0.591,"ESP"
1990,0.592,"LKA"
1990,0.159,"SDN"
1990,NA,"SUR"
1990,0.71,"SWE"
1990,0.695,"CHE"
1990,0.417,"SYR"
1990,0.652,"TJK"
1990,0.273,"TZA"
1990,0.387,"THA"
1990,NA,"MKD"
1990,NA,"TLS"
1990,0.31,"TGO"
1990,0.656,"TON"
1990,0.575,"TTO"
1990,0.406,"TUN"
1990,0.399,"TUR"
1990,NA,"TKM"
1990,0.25,"UGA"
1990,0.648,"UKR"
1990,0.484,"ARE"
1990,0.644,"GBR"
1990,0.836,"USA"
1990,0.597,"URY"
1990,NA,"UZB"
1990,NA,"VUT"
1990,0.444,"VEN"
1990,0.348,"VNM"
1990,0.219,"YEM"
1990,0.365,"ZMB"
1990,0.423,"ZWE"
1991,0.133,"AFG"
1991,0.589,"ALB"
1991,0.395,"DZA"
1991,NA,"AND"
1991,NA,"AGO"
1991,NA,"ATG"
1991,0.632,"ARG"
1991,0.637,"ARM"
1991,0.874,"AUS"
1991,0.683,"AUT"
1991,NA,"AZE"
1991,NA,"BHS"
1991,0.586,"BHR"
1991,0.26,"BGD"
1991,0.632,"BRB"
1991,NA,"BLR"
1991,0.708,"BEL"
1991,0.582,"BLZ"
1991,0.208,"BEN"
1991,NA,"BTN"
1991,0.537,"BOL"
1991,NA,"BIH"
1991,0.478,"BWA"
1991,0.475,"BRA"
1991,0.596,"BRN"
1991,0.637,"BGR"
1991,NA,"BFA"
1991,0.176,"BDI"
1991,NA,"CPV"
1991,0.28,"KHM"
1991,0.342,"CMR"
1991,0.818,"CAN"
1991,0.207,"CAF"
1991,NA,"TCD"
1991,0.638,"CHL"
1991,0.411,"CHN"
1991,0.438,"COL"
1991,NA,"COM"
1991,0.455,"COG"
1991,0.266,"COD"
1991,0.515,"CRI"
1991,0.508,"HRV"
1991,0.626,"CUB"
1991,0.553,"CYP"
1991,0.609,"CZE"
1991,0.238,"CIV"
1991,0.7,"DNK"
1991,NA,"DJI"
1991,NA,"DMA"
1991,0.493,"DOM"
1991,0.549,"ECU"
1991,0.392,"EGY"
1991,0.384,"SLV"
1991,NA,"GNQ"
1991,NA,"ERI"
1991,0.676,"EST"
1991,0.412,"SWZ"
1991,NA,"ETH"
1991,0.635,"FJI"
1991,0.68,"FIN"
1991,0.65,"FRA"
1991,0.48,"GAB"
1991,0.188,"GMB"
1991,NA,"GEO"
1991,0.705,"DEU"
1991,0.381,"GHA"
1991,0.624,"GRC"
1991,NA,"GRD"
1991,0.289,"GTM"
1991,0.125,"GIN"
1991,NA,"GNB"
1991,0.512,"GUY"
1991,0.294,"HTI"
1991,0.357,"HND"
1991,0.645,"HKG"
1991,0.609,"HUN"
1991,0.71,"ISL"
1991,0.317,"IND"
1991,0.391,"IDN"
1991,0.414,"IRN"
1991,0.377,"IRQ"
1991,0.666,"IRL"
1991,0.729,"ISR"
1991,0.609,"ITA"
1991,0.513,"JAM"
1991,0.697,"JPN"
1991,0.527,"JOR"
1991,0.619,"KAZ"
1991,0.379,"KEN"
1991,NA,"KIR"
1991,0.686,"KOR"
1991,0.429,"KWT"
1991,0.616,"KGZ"
1991,0.294,"LAO"
1991,0.61,"LVA"
1991,NA,"LBN"
1991,0.418,"LSO"
1991,NA,"LBR"
1991,0.527,"LBY"
1991,NA,"LIE"
1991,0.658,"LTU"
1991,0.61,"LUX"
1991,NA,"MDG"
1991,0.239,"MWI"
1991,0.499,"MYS"
1991,NA,"MDV"
1991,0.085,"MLI"
1991,0.61,"MLT"
1991,NA,"MHL"
1991,0.184,"MRT"
1991,0.489,"MUS"
1991,0.481,"MEX"
1991,NA,"FSM"
1991,0.597,"MDA"
1991,0.527,"MNG"
1991,NA,"MNE"
1991,0.258,"MAR"
1991,0.133,"MOZ"
1991,0.268,"MMR"
1991,0.496,"NAM"
1991,0.283,"NPL"
1991,0.756,"NLD"
1991,0.797,"NZL"
1991,0.366,"NIC"
1991,0.084,"NER"
1991,NA,"NGA"
1991,0.782,"NOR"
1991,NA,"OMN"
1991,0.21,"PAK"
1991,NA,"PLW"
1991,NA,"PSE"
1991,0.543,"PAN"
1991,0.214,"PNG"
1991,0.442,"PRY"
1991,0.556,"PER"
1991,0.523,"PHL"
1991,0.671,"POL"
1991,0.55,"PRT"
1991,0.503,"QAT"
1991,0.609,"ROU"
1991,0.664,"RUS"
1991,0.222,"RWA"
1991,NA,"KNA"
1991,NA,"LCA"
1991,NA,"VCT"
1991,0.582,"WSM"
1991,0.331,"STP"
1991,0.495,"SAU"
1991,0.198,"SEN"
1991,0.618,"SRB"
1991,NA,"SYC"
1991,0.184,"SLE"
1991,0.503,"SGP"
1991,0.686,"SVK"
1991,0.699,"SVN"
1991,NA,"SLB"
1991,0.552,"ZAF"
1991,NA,"SSD"
1991,0.609,"ESP"
1991,0.6,"LKA"
1991,0.167,"SDN"
1991,NA,"SUR"
1991,0.715,"SWE"
1991,0.701,"CHE"
1991,0.419,"SYR"
1991,0.658,"TJK"
1991,0.278,"TZA"
1991,0.398,"THA"
1991,NA,"MKD"
1991,NA,"TLS"
1991,0.322,"TGO"
1991,0.662,"TON"
1991,0.575,"TTO"
1991,0.413,"TUN"
1991,0.404,"TUR"
1991,NA,"TKM"
1991,0.254,"UGA"
1991,0.654,"UKR"
1991,0.504,"ARE"
1991,0.675,"GBR"
1991,0.84,"USA"
1991,0.601,"URY"
1991,NA,"UZB"
1991,NA,"VUT"
1991,0.457,"VEN"
1991,0.361,"VNM"
1991,0.222,"YEM"
1991,0.38,"ZMB"
1991,0.441,"ZWE"
1992,0.145,"AFG"
1992,0.558,"ALB"
1992,0.405,"DZA"
1992,NA,"AND"
1992,NA,"AGO"
1992,NA,"ATG"
1992,0.634,"ARG"
1992,0.636,"ARM"
1992,0.874,"AUS"
1992,0.692,"AUT"
1992,NA,"AZE"
1992,NA,"BHS"
1992,0.586,"BHR"
1992,0.268,"BGD"
1992,0.639,"BRB"
1992,NA,"BLR"
1992,0.745,"BEL"
1992,0.591,"BLZ"
1992,0.215,"BEN"
1992,NA,"BTN"
1992,0.546,"BOL"
1992,NA,"BIH"
1992,0.486,"BWA"
1992,0.487,"BRA"
1992,0.604,"BRN"
1992,0.635,"BGR"
1992,NA,"BFA"
1992,0.172,"BDI"
1992,NA,"CPV"
1992,0.284,"KHM"
1992,0.343,"CMR"
1992,0.824,"CAN"
1992,0.189,"CAF"
1992,NA,"TCD"
1992,0.64,"CHL"
1992,0.42,"CHN"
1992,0.457,"COL"
1992,NA,"COM"
1992,0.457,"COG"
1992,0.27,"COD"
1992,0.526,"CRI"
1992,0.519,"HRV"
1992,0.627,"CUB"
1992,0.556,"CYP"
1992,0.612,"CZE"
1992,0.243,"CIV"
1992,0.708,"DNK"
1992,NA,"DJI"
1992,NA,"DMA"
1992,0.501,"DOM"
1992,0.553,"ECU"
1992,0.4,"EGY"
1992,0.396,"SLV"
1992,NA,"GNQ"
1992,NA,"ERI"
1992,0.683,"EST"
1992,0.413,"SWZ"
1992,NA,"ETH"
1992,0.647,"FJI"
1992,0.703,"FIN"
1992,0.67,"FRA"
1992,0.487,"GAB"
1992,0.194,"GMB"
1992,NA,"GEO"
1992,0.715,"DEU"
1992,0.386,"GHA"
1992,0.623,"GRC"
1992,NA,"GRD"
1992,0.294,"GTM"
1992,0.129,"GIN"
1992,NA,"GNB"
1992,0.517,"GUY"
1992,0.299,"HTI"
1992,0.362,"HND"
1992,0.65,"HKG"
1992,0.623,"HUN"
1992,0.722,"ISL"
1992,0.324,"IND"
1992,0.394,"IDN"
1992,0.432,"IRN"
1992,0.38,"IRQ"
1992,0.675,"IRL"
1992,0.74,"ISR"
1992,0.62,"ITA"
1992,0.519,"JAM"
1992,0.702,"JPN"
1992,0.561,"JOR"
1992,0.627,"KAZ"
1992,0.383,"KEN"
1992,NA,"KIR"
1992,0.694,"KOR"
1992,0.382,"KWT"
1992,0.615,"KGZ"
1992,0.299,"LAO"
1992,0.613,"LVA"
1992,NA,"LBN"
1992,0.419,"LSO"
1992,NA,"LBR"
1992,0.537,"LBY"
1992,NA,"LIE"
1992,0.651,"LTU"
1992,0.618,"LUX"
1992,NA,"MDG"
1992,0.271,"MWI"
1992,0.511,"MYS"
1992,NA,"MDV"
1992,0.091,"MLI"
1992,0.614,"MLT"
1992,NA,"MHL"
1992,0.195,"MRT"
1992,0.497,"MUS"
1992,0.487,"MEX"
1992,NA,"FSM"
1992,0.596,"MDA"
1992,0.504,"MNG"
1992,NA,"MNE"
1992,0.264,"MAR"
1992,0.134,"MOZ"
1992,0.286,"MMR"
1992,0.508,"NAM"
1992,0.291,"NPL"
1992,0.756,"NLD"
1992,0.807,"NZL"
1992,0.375,"NIC"
1992,0.086,"NER"
1992,NA,"NGA"
1992,0.792,"NOR"
1992,NA,"OMN"
1992,0.215,"PAK"
1992,NA,"PLW"
1992,NA,"PSE"
1992,0.552,"PAN"
1992,0.221,"PNG"
1992,0.452,"PRY"
1992,0.555,"PER"
1992,0.527,"PHL"
1992,0.676,"POL"
1992,0.573,"PRT"
1992,0.502,"QAT"
1992,0.6,"ROU"
1992,0.662,"RUS"
1992,0.226,"RWA"
1992,NA,"KNA"
1992,NA,"LCA"
1992,NA,"VCT"
1992,0.588,"WSM"
1992,0.339,"STP"
1992,0.502,"SAU"
1992,0.199,"SEN"
1992,0.626,"SRB"
1992,NA,"SYC"
1992,0.194,"SLE"
1992,0.519,"SGP"
1992,0.693,"SVK"
1992,0.709,"SVN"
1992,NA,"SLB"
1992,0.581,"ZAF"
1992,NA,"SSD"
1992,0.627,"ESP"
1992,0.608,"LKA"
1992,0.175,"SDN"
1992,NA,"SUR"
1992,0.725,"SWE"
1992,0.706,"CHE"
1992,0.419,"SYR"
1992,0.663,"TJK"
1992,0.28,"TZA"
1992,0.406,"THA"
1992,NA,"MKD"
1992,NA,"TLS"
1992,0.31,"TGO"
1992,0.668,"TON"
1992,0.577,"TTO"
1992,0.42,"TUN"
1992,0.41,"TUR"
1992,NA,"TKM"
1992,0.243,"UGA"
1992,0.654,"UKR"
1992,0.509,"ARE"
1992,0.707,"GBR"
1992,0.85,"USA"
1992,0.597,"URY"
1992,NA,"UZB"
1992,NA,"VUT"
1992,0.466,"VEN"
1992,0.374,"VNM"
1992,0.224,"YEM"
1992,0.396,"ZMB"
1992,0.437,"ZWE"
1993,0.156,"AFG"
1993,0.543,"ALB"
1993,0.414,"DZA"
1993,NA,"AND"
1993,NA,"AGO"
1993,NA,"ATG"
1993,0.636,"ARG"
1993,0.642,"ARM"
1993,0.875,"AUS"
1993,0.694,"AUT"
1993,NA,"AZE"
1993,NA,"BHS"
1993,0.599,"BHR"
1993,0.276,"BGD"
1993,0.646,"BRB"
1993,NA,"BLR"
1993,0.781,"BEL"
1993,0.6,"BLZ"
1993,0.222,"BEN"
1993,NA,"BTN"
1993,0.555,"BOL"
1993,NA,"BIH"
1993,0.493,"BWA"
1993,0.499,"BRA"
1993,0.613,"BRN"
1993,0.635,"BGR"
1993,NA,"BFA"
1993,0.181,"BDI"
1993,NA,"CPV"
1993,0.288,"KHM"
1993,0.344,"CMR"
1993,0.815,"CAN"
1993,0.196,"CAF"
1993,NA,"TCD"
1993,0.613,"CHL"
1993,0.427,"CHN"
1993,0.466,"COL"
1993,NA,"COM"
1993,0.458,"COG"
1993,0.273,"COD"
1993,0.534,"CRI"
1993,0.529,"HRV"
1993,0.633,"CUB"
1993,0.644,"CYP"
1993,0.626,"CZE"
1993,0.248,"CIV"
1993,0.723,"DNK"
1993,NA,"DJI"
1993,NA,"DMA"
1993,0.509,"DOM"
1993,0.557,"ECU"
1993,0.408,"EGY"
1993,0.408,"SLV"
1993,NA,"GNQ"
1993,NA,"ERI"
1993,0.678,"EST"
1993,0.412,"SWZ"
1993,NA,"ETH"
1993,0.658,"FJI"
1993,0.714,"FIN"
1993,0.683,"FRA"
1993,0.494,"GAB"
1993,0.199,"GMB"
1993,NA,"GEO"
1993,0.74,"DEU"
1993,0.391,"GHA"
1993,0.619,"GRC"
1993,NA,"GRD"
1993,0.3,"GTM"
1993,0.132,"GIN"
1993,NA,"GNB"
1993,0.523,"GUY"
1993,0.305,"HTI"
1993,0.367,"HND"
1993,0.655,"HKG"
1993,0.653,"HUN"
1993,0.721,"ISL"
1993,0.331,"IND"
1993,0.398,"IDN"
1993,0.449,"IRN"
1993,0.384,"IRQ"
1993,0.693,"IRL"
1993,0.75,"ISR"
1993,0.631,"ITA"
1993,0.524,"JAM"
1993,0.715,"JPN"
1993,0.588,"JOR"
1993,0.63,"KAZ"
1993,0.386,"KEN"
1993,NA,"KIR"
1993,0.707,"KOR"
1993,0.417,"KWT"
1993,0.609,"KGZ"
1993,0.304,"LAO"
1993,0.609,"LVA"
1993,NA,"LBN"
1993,0.413,"LSO"
1993,NA,"LBR"
1993,0.548,"LBY"
1993,NA,"LIE"
1993,0.647,"LTU"
1993,0.625,"LUX"
1993,NA,"MDG"
1993,0.28,"MWI"
1993,0.518,"MYS"
1993,NA,"MDV"
1993,0.098,"MLI"
1993,0.618,"MLT"
1993,NA,"MHL"
1993,0.212,"MRT"
1993,0.504,"MUS"
1993,0.491,"MEX"
1993,NA,"FSM"
1993,0.595,"MDA"
1993,0.474,"MNG"
1993,NA,"MNE"
1993,0.274,"MAR"
1993,0.139,"MOZ"
1993,0.291,"MMR"
1993,0.52,"NAM"
1993,0.293,"NPL"
1993,0.764,"NLD"
1993,0.829,"NZL"
1993,0.383,"NIC"
1993,0.09,"NER"
1993,NA,"NGA"
1993,0.808,"NOR"
1993,NA,"OMN"
1993,0.221,"PAK"
1993,NA,"PLW"
1993,NA,"PSE"
1993,0.562,"PAN"
1993,0.228,"PNG"
1993,0.463,"PRY"
1993,0.558,"PER"
1993,0.53,"PHL"
1993,0.698,"POL"
1993,0.606,"PRT"
1993,0.523,"QAT"
1993,0.597,"ROU"
1993,0.658,"RUS"
1993,0.23,"RWA"
1993,NA,"KNA"
1993,NA,"LCA"
1993,NA,"VCT"
1993,0.593,"WSM"
1993,0.347,"STP"
1993,0.508,"SAU"
1993,0.2,"SEN"
1993,0.633,"SRB"
1993,NA,"SYC"
1993,0.203,"SLE"
1993,0.535,"SGP"
1993,0.699,"SVK"
1993,0.708,"SVN"
1993,NA,"SLB"
1993,0.603,"ZAF"
1993,NA,"SSD"
1993,0.651,"ESP"
1993,0.606,"LKA"
1993,0.183,"SDN"
1993,NA,"SUR"
1993,0.779,"SWE"
1993,0.716,"CHE"
1993,0.419,"SYR"
1993,0.646,"TJK"
1993,0.284,"TZA"
1993,0.416,"THA"
1993,NA,"MKD"
1993,NA,"TLS"
1993,0.316,"TGO"
1993,0.673,"TON"
1993,0.582,"TTO"
1993,0.431,"TUN"
1993,0.416,"TUR"
1993,NA,"TKM"
1993,0.256,"UGA"
1993,0.655,"UKR"
1993,0.52,"ARE"
1993,0.736,"GBR"
1993,0.859,"USA"
1993,0.601,"URY"
1993,NA,"UZB"
1993,NA,"VUT"
1993,0.471,"VEN"
1993,0.387,"VNM"
1993,0.227,"YEM"
1993,0.411,"ZMB"
1993,0.443,"ZWE"
1994,0.168,"AFG"
1994,0.542,"ALB"
1994,0.424,"DZA"
1994,NA,"AND"
1994,NA,"AGO"
1994,NA,"ATG"
1994,0.639,"ARG"
1994,0.636,"ARM"
1994,0.875,"AUS"
1994,0.705,"AUT"
1994,NA,"AZE"
1994,NA,"BHS"
1994,0.609,"BHR"
1994,0.284,"BGD"
1994,0.653,"BRB"
1994,NA,"BLR"
1994,0.791,"BEL"
1994,0.609,"BLZ"
1994,0.228,"BEN"
1994,NA,"BTN"
1994,0.565,"BOL"
1994,NA,"BIH"
1994,0.499,"BWA"
1994,0.511,"BRA"
1994,0.62,"BRN"
1994,0.635,"BGR"
1994,NA,"BFA"
1994,0.181,"BDI"
1994,NA,"CPV"
1994,0.292,"KHM"
1994,0.344,"CMR"
1994,0.821,"CAN"
1994,0.202,"CAF"
1994,NA,"TCD"
1994,0.62,"CHL"
1994,0.432,"CHN"
1994,0.474,"COL"
1994,NA,"COM"
1994,0.459,"COG"
1994,0.277,"COD"
1994,0.542,"CRI"
1994,0.553,"HRV"
1994,0.619,"CUB"
1994,0.648,"CYP"
1994,0.642,"CZE"
1994,0.253,"CIV"
1994,0.739,"DNK"
1994,NA,"DJI"
1994,NA,"DMA"
1994,0.517,"DOM"
1994,0.561,"ECU"
1994,0.416,"EGY"
1994,0.42,"SLV"
1994,NA,"GNQ"
1994,NA,"ERI"
1994,0.69,"EST"
1994,0.41,"SWZ"
1994,NA,"ETH"
1994,0.67,"FJI"
1994,0.731,"FIN"
1994,0.715,"FRA"
1994,0.501,"GAB"
1994,0.205,"GMB"
1994,NA,"GEO"
1994,0.75,"DEU"
1994,0.397,"GHA"
1994,0.626,"GRC"
1994,NA,"GRD"
1994,0.304,"GTM"
1994,0.137,"GIN"
1994,NA,"GNB"
1994,0.528,"GUY"
1994,0.31,"HTI"
1994,0.374,"HND"
1994,0.66,"HKG"
1994,0.683,"HUN"
1994,0.731,"ISL"
1994,0.338,"IND"
1994,0.409,"IDN"
1994,0.466,"IRN"
1994,0.387,"IRQ"
1994,0.703,"IRL"
1994,0.757,"ISR"
1994,0.647,"ITA"
1994,0.529,"JAM"
1994,0.728,"JPN"
1994,0.613,"JOR"
1994,0.633,"KAZ"
1994,0.39,"KEN"
1994,NA,"KIR"
1994,0.723,"KOR"
1994,0.464,"KWT"
1994,0.6,"KGZ"
1994,0.315,"LAO"
1994,0.609,"LVA"
1994,NA,"LBN"
1994,0.424,"LSO"
1994,NA,"LBR"
1994,0.558,"LBY"
1994,NA,"LIE"
1994,0.65,"LTU"
1994,0.633,"LUX"
1994,NA,"MDG"
1994,0.29,"MWI"
1994,0.527,"MYS"
1994,NA,"MDV"
1994,0.106,"MLI"
1994,0.62,"MLT"
1994,NA,"MHL"
1994,0.234,"MRT"
1994,0.512,"MUS"
1994,0.5,"MEX"
1994,NA,"FSM"
1994,0.594,"MDA"
1994,0.473,"MNG"
1994,NA,"MNE"
1994,0.284,"MAR"
1994,0.147,"MOZ"
1994,0.296,"MMR"
1994,0.532,"NAM"
1994,0.295,"NPL"
1994,0.829,"NLD"
1994,0.846,"NZL"
1994,0.39,"NIC"
1994,0.093,"NER"
1994,NA,"NGA"
1994,0.839,"NOR"
1994,NA,"OMN"
1994,0.226,"PAK"
1994,NA,"PLW"
1994,NA,"PSE"
1994,0.565,"PAN"
1994,0.225,"PNG"
1994,0.471,"PRY"
1994,0.568,"PER"
1994,0.533,"PHL"
1994,0.71,"POL"
1994,0.621,"PRT"
1994,0.545,"QAT"
1994,0.598,"ROU"
1994,0.656,"RUS"
1994,0.235,"RWA"
1994,NA,"KNA"
1994,NA,"LCA"
1994,NA,"VCT"
1994,0.598,"WSM"
1994,0.355,"STP"
1994,0.515,"SAU"
1994,0.201,"SEN"
1994,0.641,"SRB"
1994,NA,"SYC"
1994,0.213,"SLE"
1994,0.551,"SGP"
1994,0.706,"SVK"
1994,0.714,"SVN"
1994,NA,"SLB"
1994,0.617,"ZAF"
1994,NA,"SSD"
1994,0.671,"ESP"
1994,0.625,"LKA"
1994,0.191,"SDN"
1994,NA,"SUR"
1994,0.794,"SWE"
1994,0.721,"CHE"
1994,0.419,"SYR"
1994,0.633,"TJK"
1994,0.285,"TZA"
1994,0.425,"THA"
1994,NA,"MKD"
1994,NA,"TLS"
1994,0.321,"TGO"
1994,0.679,"TON"
1994,0.589,"TTO"
1994,0.448,"TUN"
1994,0.421,"TUR"
1994,NA,"TKM"
1994,0.262,"UGA"
1994,0.659,"UKR"
1994,0.534,"ARE"
1994,0.764,"GBR"
1994,0.863,"USA"
1994,0.605,"URY"
1994,NA,"UZB"
1994,NA,"VUT"
1994,0.475,"VEN"
1994,0.4,"VNM"
1994,0.23,"YEM"
1994,0.426,"ZMB"
1994,0.45,"ZWE"
1995,0.179,"AFG"
1995,0.551,"ALB"
1995,0.431,"DZA"
1995,NA,"AND"
1995,NA,"AGO"
1995,NA,"ATG"
1995,0.648,"ARG"
1995,0.632,"ARM"
1995,0.894,"AUS"
1995,0.709,"AUT"
1995,0.618,"AZE"
1995,NA,"BHS"
1995,0.619,"BHR"
1995,0.292,"BGD"
1995,0.66,"BRB"
1995,0.63,"BLR"
1995,0.804,"BEL"
1995,0.617,"BLZ"
1995,0.235,"BEN"
1995,NA,"BTN"
1995,0.574,"BOL"
1995,NA,"BIH"
1995,0.519,"BWA"
1995,0.523,"BRA"
1995,0.626,"BRN"
1995,0.647,"BGR"
1995,NA,"BFA"
1995,0.181,"BDI"
1995,NA,"CPV"
1995,0.297,"KHM"
1995,0.345,"CMR"
1995,0.822,"CAN"
1995,0.208,"CAF"
1995,NA,"TCD"
1995,0.627,"CHL"
1995,0.442,"CHN"
1995,0.48,"COL"
1995,NA,"COM"
1995,0.46,"COG"
1995,0.28,"COD"
1995,0.55,"CRI"
1995,0.558,"HRV"
1995,0.621,"CUB"
1995,0.655,"CYP"
1995,0.657,"CZE"
1995,0.259,"CIV"
1995,0.751,"DNK"
1995,0.171,"DJI"
1995,NA,"DMA"
1995,0.525,"DOM"
1995,0.565,"ECU"
1995,0.424,"EGY"
1995,0.432,"SLV"
1995,NA,"GNQ"
1995,NA,"ERI"
1995,0.707,"EST"
1995,0.408,"SWZ"
1995,NA,"ETH"
1995,0.682,"FJI"
1995,0.741,"FIN"
1995,0.729,"FRA"
1995,0.509,"GAB"
1995,0.21,"GMB"
1995,NA,"GEO"
1995,0.759,"DEU"
1995,0.402,"GHA"
1995,0.627,"GRC"
1995,NA,"GRD"
1995,0.311,"GTM"
1995,0.142,"GIN"
1995,NA,"GNB"
1995,0.533,"GUY"
1995,0.316,"HTI"
1995,0.381,"HND"
1995,0.665,"HKG"
1995,0.701,"HUN"
1995,0.738,"ISL"
1995,0.344,"IND"
1995,0.42,"IDN"
1995,0.483,"IRN"
1995,0.39,"IRQ"
1995,0.71,"IRL"
1995,0.763,"ISR"
1995,0.656,"ITA"
1995,0.534,"JAM"
1995,0.735,"JPN"
1995,0.644,"JOR"
1995,0.642,"KAZ"
1995,0.393,"KEN"
1995,NA,"KIR"
1995,0.737,"KOR"
1995,0.515,"KWT"
1995,0.597,"KGZ"
1995,0.309,"LAO"
1995,0.619,"LVA"
1995,NA,"LBN"
1995,0.43,"LSO"
1995,NA,"LBR"
1995,0.568,"LBY"
1995,NA,"LIE"
1995,0.661,"LTU"
1995,0.639,"LUX"
1995,NA,"MDG"
1995,0.385,"MWI"
1995,0.536,"MYS"
1995,0.354,"MDV"
1995,0.114,"MLI"
1995,0.622,"MLT"
1995,NA,"MHL"
1995,0.24,"MRT"
1995,0.52,"MUS"
1995,0.51,"MEX"
1995,NA,"FSM"
1995,0.593,"MDA"
1995,0.474,"MNG"
1995,NA,"MNE"
1995,0.295,"MAR"
1995,0.159,"MOZ"
1995,0.296,"MMR"
1995,0.528,"NAM"
1995,0.299,"NPL"
1995,0.815,"NLD"
1995,0.854,"NZL"
1995,0.398,"NIC"
1995,0.097,"NER"
1995,NA,"NGA"
1995,0.826,"NOR"
1995,NA,"OMN"
1995,0.232,"PAK"
1995,NA,"PLW"
1995,NA,"PSE"
1995,0.577,"PAN"
1995,0.241,"PNG"
1995,0.48,"PRY"
1995,0.581,"PER"
1995,0.536,"PHL"
1995,0.713,"POL"
1995,0.632,"PRT"
1995,0.562,"QAT"
1995,0.606,"ROU"
1995,0.662,"RUS"
1995,0.239,"RWA"
1995,NA,"KNA"
1995,NA,"LCA"
1995,NA,"VCT"
1995,0.604,"WSM"
1995,0.363,"STP"
1995,0.522,"SAU"
1995,0.202,"SEN"
1995,0.648,"SRB"
1995,NA,"SYC"
1995,0.223,"SLE"
1995,0.566,"SGP"
1995,0.714,"SVK"
1995,0.724,"SVN"
1995,NA,"SLB"
1995,0.636,"ZAF"
1995,NA,"SSD"
1995,0.687,"ESP"
1995,0.633,"LKA"
1995,0.198,"SDN"
1995,NA,"SUR"
1995,0.807,"SWE"
1995,0.727,"CHE"
1995,0.419,"SYR"
1995,0.639,"TJK"
1995,0.287,"TZA"
1995,0.433,"THA"
1995,NA,"MKD"
1995,NA,"TLS"
1995,0.348,"TGO"
1995,0.685,"TON"
1995,0.597,"TTO"
1995,0.459,"TUN"
1995,0.427,"TUR"
1995,NA,"TKM"
1995,0.268,"UGA"
1995,0.672,"UKR"
1995,0.548,"ARE"
1995,0.793,"GBR"
1995,0.865,"USA"
1995,0.609,"URY"
1995,NA,"UZB"
1995,NA,"VUT"
1995,0.48,"VEN"
1995,0.413,"VNM"
1995,0.233,"YEM"
1995,0.442,"ZMB"
1995,0.456,"ZWE"
1996,0.19,"AFG"
1996,0.558,"ALB"
1996,0.443,"DZA"
1996,NA,"AND"
1996,NA,"AGO"
1996,NA,"ATG"
1996,0.659,"ARG"
1996,0.628,"ARM"
1996,0.895,"AUS"
1996,0.712,"AUT"
1996,0.614,"AZE"
1996,NA,"BHS"
1996,0.624,"BHR"
1996,0.303,"BGD"
1996,0.665,"BRB"
1996,0.643,"BLR"
1996,0.814,"BEL"
1996,0.627,"BLZ"
1996,0.241,"BEN"
1996,NA,"BTN"
1996,0.581,"BOL"
1996,NA,"BIH"
1996,0.531,"BWA"
1996,0.535,"BRA"
1996,0.629,"BRN"
1996,0.663,"BGR"
1996,NA,"BFA"
1996,0.182,"BDI"
1996,NA,"CPV"
1996,0.301,"KHM"
1996,0.346,"CMR"
1996,0.825,"CAN"
1996,0.215,"CAF"
1996,NA,"TCD"
1996,0.633,"CHL"
1996,0.45,"CHN"
1996,0.498,"COL"
1996,NA,"COM"
1996,0.459,"COG"
1996,0.285,"COD"
1996,0.559,"CRI"
1996,0.575,"HRV"
1996,0.636,"CUB"
1996,0.662,"CYP"
1996,0.685,"CZE"
1996,0.266,"CIV"
1996,0.763,"DNK"
1996,0.173,"DJI"
1996,NA,"DMA"
1996,0.531,"DOM"
1996,0.567,"ECU"
1996,0.433,"EGY"
1996,0.447,"SLV"
1996,NA,"GNQ"
1996,NA,"ERI"
1996,0.726,"EST"
1996,0.404,"SWZ"
1996,NA,"ETH"
1996,0.683,"FJI"
1996,0.752,"FIN"
1996,0.738,"FRA"
1996,0.516,"GAB"
1996,0.219,"GMB"
1996,NA,"GEO"
1996,0.767,"DEU"
1996,0.405,"GHA"
1996,0.632,"GRC"
1996,NA,"GRD"
1996,0.32,"GTM"
1996,0.147,"GIN"
1996,NA,"GNB"
1996,0.539,"GUY"
1996,0.322,"HTI"
1996,0.389,"HND"
1996,0.669,"HKG"
1996,0.71,"HUN"
1996,0.742,"ISL"
1996,0.351,"IND"
1996,0.441,"IDN"
1996,0.493,"IRN"
1996,0.393,"IRQ"
1996,0.714,"IRL"
1996,0.769,"ISR"
1996,0.665,"ITA"
1996,0.54,"JAM"
1996,0.74,"JPN"
1996,0.65,"JOR"
1996,0.651,"KAZ"
1996,0.396,"KEN"
1996,NA,"KIR"
1996,0.751,"KOR"
1996,0.566,"KWT"
1996,0.603,"KGZ"
1996,0.328,"LAO"
1996,0.631,"LVA"
1996,NA,"LBN"
1996,0.429,"LSO"
1996,NA,"LBR"
1996,0.579,"LBY"
1996,NA,"LIE"
1996,0.679,"LTU"
1996,0.657,"LUX"
1996,NA,"MDG"
1996,0.381,"MWI"
1996,0.555,"MYS"
1996,0.368,"MDV"
1996,0.123,"MLI"
1996,0.625,"MLT"
1996,NA,"MHL"
1996,0.249,"MRT"
1996,0.523,"MUS"
1996,0.517,"MEX"
1996,NA,"FSM"
1996,0.586,"MDA"
1996,0.486,"MNG"
1996,NA,"MNE"
1996,0.303,"MAR"
1996,0.177,"MOZ"
1996,0.301,"MMR"
1996,0.523,"NAM"
1996,0.31,"NPL"
1996,0.822,"NLD"
1996,0.858,"NZL"
1996,0.41,"NIC"
1996,0.101,"NER"
1996,NA,"NGA"
1996,0.832,"NOR"
1996,NA,"OMN"
1996,0.237,"PAK"
1996,NA,"PLW"
1996,NA,"PSE"
1996,0.586,"PAN"
1996,0.25,"PNG"
1996,0.488,"PRY"
1996,0.586,"PER"
1996,0.549,"PHL"
1996,0.723,"POL"
1996,0.644,"PRT"
1996,0.588,"QAT"
1996,0.622,"ROU"
1996,0.674,"RUS"
1996,0.244,"RWA"
1996,NA,"KNA"
1996,NA,"LCA"
1996,NA,"VCT"
1996,0.609,"WSM"
1996,0.371,"STP"
1996,0.529,"SAU"
1996,0.203,"SEN"
1996,0.654,"SRB"
1996,NA,"SYC"
1996,0.232,"SLE"
1996,0.583,"SGP"
1996,0.713,"SVK"
1996,0.732,"SVN"
1996,NA,"SLB"
1996,0.639,"ZAF"
1996,NA,"SSD"
1996,0.697,"ESP"
1996,0.642,"LKA"
1996,0.206,"SDN"
1996,NA,"SUR"
1996,0.821,"SWE"
1996,0.741,"CHE"
1996,0.422,"SYR"
1996,0.634,"TJK"
1996,0.286,"TZA"
1996,0.446,"THA"
1996,NA,"MKD"
1996,NA,"TLS"
1996,0.363,"TGO"
1996,0.685,"TON"
1996,0.604,"TTO"
1996,0.47,"TUN"
1996,0.435,"TUR"
1996,NA,"TKM"
1996,0.3,"UGA"
1996,0.684,"UKR"
1996,0.56,"ARE"
1996,0.801,"GBR"
1996,0.864,"USA"
1996,0.615,"URY"
1996,NA,"UZB"
1996,NA,"VUT"
1996,0.484,"VEN"
1996,0.427,"VNM"
1996,0.237,"YEM"
1996,0.447,"ZMB"
1996,0.463,"ZWE"
1997,0.202,"AFG"
1997,0.571,"ALB"
1997,0.458,"DZA"
1997,NA,"AND"
1997,NA,"AGO"
1997,NA,"ATG"
1997,0.67,"ARG"
1997,0.641,"ARM"
1997,0.895,"AUS"
1997,0.715,"AUT"
1997,0.616,"AZE"
1997,NA,"BHS"
1997,0.628,"BHR"
1997,0.313,"BGD"
1997,0.669,"BRB"
1997,0.648,"BLR"
1997,0.82,"BEL"
1997,0.636,"BLZ"
1997,0.248,"BEN"
1997,NA,"BTN"
1997,0.574,"BOL"
1997,NA,"BIH"
1997,0.542,"BWA"
1997,0.547,"BRA"
1997,0.633,"BRN"
1997,0.667,"BGR"
1997,NA,"BFA"
1997,0.182,"BDI"
1997,NA,"CPV"
1997,0.305,"KHM"
1997,0.347,"CMR"
1997,0.816,"CAN"
1997,0.222,"CAF"
1997,NA,"TCD"
1997,0.64,"CHL"
1997,0.457,"CHN"
1997,0.512,"COL"
1997,NA,"COM"
1997,0.458,"COG"
1997,0.29,"COD"
1997,0.567,"CRI"
1997,0.592,"HRV"
1997,0.64,"CUB"
1997,0.668,"CYP"
1997,0.699,"CZE"
1997,0.273,"CIV"
1997,0.774,"DNK"
1997,0.178,"DJI"
1997,NA,"DMA"
1997,0.537,"DOM"
1997,0.57,"ECU"
1997,0.442,"EGY"
1997,0.463,"SLV"
1997,NA,"GNQ"
1997,NA,"ERI"
1997,0.747,"EST"
1997,0.401,"SWZ"
1997,NA,"ETH"
1997,0.684,"FJI"
1997,0.762,"FIN"
1997,0.744,"FRA"
1997,0.523,"GAB"
1997,0.228,"GMB"
1997,NA,"GEO"
1997,0.775,"DEU"
1997,0.409,"GHA"
1997,0.639,"GRC"
1997,NA,"GRD"
1997,0.33,"GTM"
1997,0.158,"GIN"
1997,NA,"GNB"
1997,0.545,"GUY"
1997,0.328,"HTI"
1997,0.396,"HND"
1997,0.673,"HKG"
1997,0.706,"HUN"
1997,0.758,"ISL"
1997,0.358,"IND"
1997,0.467,"IDN"
1997,0.504,"IRN"
1997,0.396,"IRQ"
1997,0.724,"IRL"
1997,0.786,"ISR"
1997,0.678,"ITA"
1997,0.545,"JAM"
1997,0.745,"JPN"
1997,0.655,"JOR"
1997,0.66,"KAZ"
1997,0.399,"KEN"
1997,NA,"KIR"
1997,0.772,"KOR"
1997,0.572,"KWT"
1997,0.612,"KGZ"
1997,0.336,"LAO"
1997,0.645,"LVA"
1997,NA,"LBN"
1997,0.429,"LSO"
1997,NA,"LBR"
1997,0.589,"LBY"
1997,NA,"LIE"
1997,0.699,"LTU"
1997,0.668,"LUX"
1997,NA,"MDG"
1997,0.387,"MWI"
1997,0.574,"MYS"
1997,0.384,"MDV"
1997,0.136,"MLI"
1997,0.631,"MLT"
1997,NA,"MHL"
1997,0.253,"MRT"
1997,0.527,"MUS"
1997,0.523,"MEX"
1997,NA,"FSM"
1997,0.59,"MDA"
1997,0.495,"MNG"
1997,NA,"MNE"
1997,0.31,"MAR"
1997,0.191,"MOZ"
1997,0.305,"MMR"
1997,0.517,"NAM"
1997,0.315,"NPL"
1997,0.814,"NLD"
1997,0.867,"NZL"
1997,0.422,"NIC"
1997,0.105,"NER"
1997,NA,"NGA"
1997,0.841,"NOR"
1997,NA,"OMN"
1997,0.243,"PAK"
1997,NA,"PLW"
1997,NA,"PSE"
1997,0.596,"PAN"
1997,0.259,"PNG"
1997,0.499,"PRY"
1997,0.59,"PER"
1997,0.552,"PHL"
1997,0.741,"POL"
1997,0.652,"PRT"
1997,0.596,"QAT"
1997,0.628,"ROU"
1997,0.682,"RUS"
1997,0.248,"RWA"
1997,NA,"KNA"
1997,NA,"LCA"
1997,NA,"VCT"
1997,0.61,"WSM"
1997,0.379,"STP"
1997,0.535,"SAU"
1997,0.204,"SEN"
1997,0.66,"SRB"
1997,NA,"SYC"
1997,0.242,"SLE"
1997,0.6,"SGP"
1997,0.708,"SVK"
1997,0.744,"SVN"
1997,NA,"SLB"
1997,0.643,"ZAF"
1997,NA,"SSD"
1997,0.701,"ESP"
1997,0.652,"LKA"
1997,0.214,"SDN"
1997,NA,"SUR"
1997,0.845,"SWE"
1997,0.758,"CHE"
1997,0.424,"SYR"
1997,0.63,"TJK"
1997,0.288,"TZA"
1997,0.463,"THA"
1997,NA,"MKD"
1997,NA,"TLS"
1997,0.371,"TGO"
1997,0.685,"TON"
1997,0.611,"TTO"
1997,0.477,"TUN"
1997,0.442,"TUR"
1997,NA,"TKM"
1997,0.333,"UGA"
1997,0.696,"UKR"
1997,0.572,"ARE"
1997,0.809,"GBR"
1997,0.865,"USA"
1997,0.629,"URY"
1997,NA,"UZB"
1997,NA,"VUT"
1997,0.487,"VEN"
1997,0.415,"VNM"
1997,0.241,"YEM"
1997,0.452,"ZMB"
1997,0.469,"ZWE"
1998,0.213,"AFG"
1998,0.58,"ALB"
1998,0.473,"DZA"
1998,NA,"AND"
1998,NA,"AGO"
1998,NA,"ATG"
1998,0.681,"ARG"
1998,0.663,"ARM"
1998,0.895,"AUS"
1998,0.736,"AUT"
1998,0.625,"AZE"
1998,NA,"BHS"
1998,0.632,"BHR"
1998,0.324,"BGD"
1998,0.66,"BRB"
1998,0.649,"BLR"
1998,0.827,"BEL"
1998,0.645,"BLZ"
1998,0.254,"BEN"
1998,NA,"BTN"
1998,0.594,"BOL"
1998,NA,"BIH"
1998,0.554,"BWA"
1998,0.559,"BRA"
1998,0.636,"BRN"
1998,0.671,"BGR"
1998,NA,"BFA"
1998,0.183,"BDI"
1998,NA,"CPV"
1998,0.31,"KHM"
1998,0.359,"CMR"
1998,0.807,"CAN"
1998,0.229,"CAF"
1998,NA,"TCD"
1998,0.647,"CHL"
1998,0.465,"CHN"
1998,0.526,"COL"
1998,NA,"COM"
1998,0.456,"COG"
1998,0.295,"COD"
1998,0.576,"CRI"
1998,0.616,"HRV"
1998,0.647,"CUB"
1998,0.671,"CYP"
1998,0.697,"CZE"
1998,0.273,"CIV"
1998,0.784,"DNK"
1998,0.182,"DJI"
1998,NA,"DMA"
1998,0.542,"DOM"
1998,0.572,"ECU"
1998,0.438,"EGY"
1998,0.478,"SLV"
1998,NA,"GNQ"
1998,NA,"ERI"
1998,0.768,"EST"
1998,0.397,"SWZ"
1998,NA,"ETH"
1998,0.685,"FJI"
1998,0.775,"FIN"
1998,0.749,"FRA"
1998,0.531,"GAB"
1998,0.236,"GMB"
1998,NA,"GEO"
1998,0.786,"DEU"
1998,0.411,"GHA"
1998,0.659,"GRC"
1998,NA,"GRD"
1998,0.339,"GTM"
1998,0.169,"GIN"
1998,NA,"GNB"
1998,0.55,"GUY"
1998,0.333,"HTI"
1998,0.403,"HND"
1998,0.677,"HKG"
1998,0.715,"HUN"
1998,0.774,"ISL"
1998,0.365,"IND"
1998,0.485,"IDN"
1998,0.514,"IRN"
1998,0.398,"IRQ"
1998,0.799,"IRL"
1998,0.803,"ISR"
1998,0.686,"ITA"
1998,0.55,"JAM"
1998,0.741,"JPN"
1998,0.66,"JOR"
1998,0.669,"KAZ"
1998,0.402,"KEN"
1998,NA,"KIR"
1998,0.768,"KOR"
1998,0.583,"KWT"
1998,0.626,"KGZ"
1998,0.345,"LAO"
1998,0.666,"LVA"
1998,NA,"LBN"
1998,0.429,"LSO"
1998,NA,"LBR"
1998,0.6,"LBY"
1998,NA,"LIE"
1998,0.718,"LTU"
1998,0.684,"LUX"
1998,NA,"MDG"
1998,0.392,"MWI"
1998,0.594,"MYS"
1998,0.401,"MDV"
1998,0.146,"MLI"
1998,0.646,"MLT"
1998,NA,"MHL"
1998,0.266,"MRT"
1998,0.535,"MUS"
1998,0.532,"MEX"
1998,NA,"FSM"
1998,0.603,"MDA"
1998,0.508,"MNG"
1998,NA,"MNE"
1998,0.316,"MAR"
1998,0.206,"MOZ"
1998,0.31,"MMR"
1998,0.514,"NAM"
1998,0.32,"NPL"
1998,0.815,"NLD"
1998,0.869,"NZL"
1998,0.433,"NIC"
1998,0.109,"NER"
1998,NA,"NGA"
1998,0.868,"NOR"
1998,NA,"OMN"
1998,0.248,"PAK"
1998,NA,"PLW"
1998,NA,"PSE"
1998,0.607,"PAN"
1998,0.268,"PNG"
1998,0.509,"PRY"
1998,0.613,"PER"
1998,0.556,"PHL"
1998,0.756,"POL"
1998,0.661,"PRT"
1998,0.604,"QAT"
1998,0.634,"ROU"
1998,0.694,"RUS"
1998,0.243,"RWA"
1998,NA,"KNA"
1998,NA,"LCA"
1998,NA,"VCT"
1998,0.619,"WSM"
1998,0.386,"STP"
1998,0.542,"SAU"
1998,0.206,"SEN"
1998,0.666,"SRB"
1998,NA,"SYC"
1998,0.251,"SLE"
1998,0.616,"SGP"
1998,0.716,"SVK"
1998,0.761,"SVN"
1998,NA,"SLB"
1998,0.646,"ZAF"
1998,NA,"SSD"
1998,0.704,"ESP"
1998,0.661,"LKA"
1998,0.222,"SDN"
1998,NA,"SUR"
1998,0.874,"SWE"
1998,0.776,"CHE"
1998,0.427,"SYR"
1998,0.625,"TJK"
1998,0.297,"TZA"
1998,0.485,"THA"
1998,NA,"MKD"
1998,NA,"TLS"
1998,0.379,"TGO"
1998,0.684,"TON"
1998,0.619,"TTO"
1998,0.496,"TUN"
1998,0.459,"TUR"
1998,NA,"TKM"
1998,0.365,"UGA"
1998,0.708,"UKR"
1998,0.585,"ARE"
1998,0.816,"GBR"
1998,0.866,"USA"
1998,0.643,"URY"
1998,NA,"UZB"
1998,NA,"VUT"
1998,0.492,"VEN"
1998,0.455,"VNM"
1998,0.244,"YEM"
1998,0.457,"ZMB"
1998,0.475,"ZWE"
1999,0.224,"AFG"
1999,0.586,"ALB"
1999,0.487,"DZA"
1999,NA,"AND"
1999,0.276,"AGO"
1999,NA,"ATG"
1999,0.715,"ARG"
1999,0.67,"ARM"
1999,0.895,"AUS"
1999,0.727,"AUT"
1999,0.633,"AZE"
1999,NA,"BHS"
1999,0.635,"BHR"
1999,0.334,"BGD"
1999,0.678,"BRB"
1999,0.658,"BLR"
1999,0.825,"BEL"
1999,0.654,"BLZ"
1999,0.262,"BEN"
1999,NA,"BTN"
1999,0.616,"BOL"
1999,NA,"BIH"
1999,0.572,"BWA"
1999,0.572,"BRA"
1999,0.647,"BRN"
1999,0.676,"BGR"
1999,NA,"BFA"
1999,0.183,"BDI"
1999,NA,"CPV"
1999,0.305,"KHM"
1999,0.349,"CMR"
1999,0.805,"CAN"
1999,0.236,"CAF"
1999,NA,"TCD"
1999,0.664,"CHL"
1999,0.473,"CHN"
1999,0.529,"COL"
1999,NA,"COM"
1999,0.455,"COG"
1999,0.3,"COD"
1999,0.584,"CRI"
1999,0.639,"HRV"
1999,0.655,"CUB"
1999,0.674,"CYP"
1999,0.719,"CZE"
1999,0.287,"CIV"
1999,0.809,"DNK"
1999,0.186,"DJI"
1999,NA,"DMA"
1999,0.548,"DOM"
1999,0.575,"ECU"
1999,0.461,"EGY"
1999,0.481,"SLV"
1999,NA,"GNQ"
1999,NA,"ERI"
1999,0.783,"EST"
1999,0.393,"SWZ"
1999,NA,"ETH"
1999,0.686,"FJI"
1999,0.787,"FIN"
1999,0.757,"FRA"
1999,0.538,"GAB"
1999,0.245,"GMB"
1999,NA,"GEO"
1999,0.793,"DEU"
1999,0.416,"GHA"
1999,0.659,"GRC"
1999,NA,"GRD"
1999,0.349,"GTM"
1999,0.18,"GIN"
1999,NA,"GNB"
1999,0.556,"GUY"
1999,0.339,"HTI"
1999,0.411,"HND"
1999,0.682,"HKG"
1999,0.727,"HUN"
1999,0.778,"ISL"
1999,0.372,"IND"
1999,0.504,"IDN"
1999,0.524,"IRN"
1999,0.401,"IRQ"
1999,0.81,"IRL"
1999,0.82,"ISR"
1999,0.694,"ITA"
1999,0.555,"JAM"
1999,0.747,"JPN"
1999,0.666,"JOR"
1999,0.678,"KAZ"
1999,0.405,"KEN"
1999,NA,"KIR"
1999,0.778,"KOR"
1999,0.595,"KWT"
1999,0.646,"KGZ"
1999,0.35,"LAO"
1999,0.688,"LVA"
1999,NA,"LBN"
1999,0.428,"LSO"
1999,0.354,"LBR"
1999,0.61,"LBY"
1999,NA,"LIE"
1999,0.74,"LTU"
1999,0.712,"LUX"
1999,NA,"MDG"
1999,0.395,"MWI"
1999,0.603,"MYS"
1999,0.419,"MDV"
1999,0.159,"MLI"
1999,0.647,"MLT"
1999,NA,"MHL"
1999,0.274,"MRT"
1999,0.542,"MUS"
1999,0.538,"MEX"
1999,NA,"FSM"
1999,0.615,"MDA"
1999,0.518,"MNG"
1999,NA,"MNE"
1999,0.331,"MAR"
1999,0.22,"MOZ"
1999,0.315,"MMR"
1999,0.506,"NAM"
1999,0.325,"NPL"
1999,0.813,"NLD"
1999,0.864,"NZL"
1999,0.445,"NIC"
1999,0.112,"NER"
1999,NA,"NGA"
1999,0.876,"NOR"
1999,NA,"OMN"
1999,0.254,"PAK"
1999,NA,"PLW"
1999,NA,"PSE"
1999,0.617,"PAN"
1999,0.273,"PNG"
1999,0.52,"PRY"
1999,0.636,"PER"
1999,0.565,"PHL"
1999,0.77,"POL"
1999,0.652,"PRT"
1999,0.611,"QAT"
1999,0.648,"ROU"
1999,0.705,"RUS"
1999,0.262,"RWA"
1999,NA,"KNA"
1999,NA,"LCA"
1999,NA,"VCT"
1999,0.627,"WSM"
1999,0.394,"STP"
1999,0.549,"SAU"
1999,0.208,"SEN"
1999,0.671,"SRB"
1999,NA,"SYC"
1999,0.26,"SLE"
1999,0.633,"SGP"
1999,0.713,"SVK"
1999,0.788,"SVN"
1999,0.35,"SLB"
1999,0.649,"ZAF"
1999,NA,"SSD"
1999,0.709,"ESP"
1999,0.67,"LKA"
1999,0.23,"SDN"
1999,NA,"SUR"
1999,0.878,"SWE"
1999,0.789,"CHE"
1999,0.43,"SYR"
1999,0.621,"TJK"
1999,0.306,"TZA"
1999,0.501,"THA"
1999,NA,"MKD"
1999,NA,"TLS"
1999,0.387,"TGO"
1999,0.684,"TON"
1999,0.626,"TTO"
1999,0.513,"TUN"
1999,0.477,"TUR"
1999,NA,"TKM"
1999,0.398,"UGA"
1999,0.715,"UKR"
1999,0.597,"ARE"
1999,0.828,"GBR"
1999,0.863,"USA"
1999,0.648,"URY"
1999,NA,"UZB"
1999,NA,"VUT"
1999,0.502,"VEN"
1999,0.464,"VNM"
1999,0.249,"YEM"
1999,0.463,"ZMB"
1999,0.481,"ZWE"
2000,0.235,"AFG"
2000,0.588,"ALB"
2000,0.5,"DZA"
2000,0.524,"AND"
2000,0.288,"AGO"
2000,NA,"ATG"
2000,0.736,"ARG"
2000,0.667,"ARM"
2000,0.895,"AUS"
2000,0.731,"AUT"
2000,0.64,"AZE"
2000,0.7,"BHS"
2000,0.643,"BHR"
2000,0.344,"BGD"
2000,0.69,"BRB"
2000,0.668,"BLR"
2000,0.833,"BEL"
2000,0.663,"BLZ"
2000,0.273,"BEN"
2000,NA,"BTN"
2000,0.63,"BOL"
2000,0.557,"BIH"
2000,0.583,"BWA"
2000,0.584,"BRA"
2000,0.647,"BRN"
2000,0.677,"BGR"
2000,0.139,"BFA"
2000,0.187,"BDI"
2000,0.436,"CPV"
2000,0.319,"KHM"
2000,0.36,"CMR"
2000,0.805,"CAN"
2000,0.243,"CAF"
2000,0.182,"TCD"
2000,0.672,"CHL"
2000,0.481,"CHN"
2000,0.534,"COL"
2000,NA,"COM"
2000,0.454,"COG"
2000,0.305,"COD"
2000,0.593,"CRI"
2000,0.656,"HRV"
2000,0.663,"CUB"
2000,0.676,"CYP"
2000,0.741,"CZE"
2000,0.297,"CIV"
2000,0.809,"DNK"
2000,0.188,"DJI"
2000,0.595,"DMA"
2000,0.554,"DOM"
2000,0.577,"ECU"
2000,0.468,"EGY"
2000,0.495,"SLV"
2000,0.402,"GNQ"
2000,NA,"ERI"
2000,0.808,"EST"
2000,0.386,"SWZ"
2000,0.169,"ETH"
2000,0.686,"FJI"
2000,0.803,"FIN"
2000,0.762,"FRA"
2000,0.545,"GAB"
2000,0.254,"GMB"
2000,0.717,"GEO"
2000,0.824,"DEU"
2000,0.427,"GHA"
2000,0.672,"GRC"
2000,NA,"GRD"
2000,0.358,"GTM"
2000,0.191,"GIN"
2000,NA,"GNB"
2000,0.561,"GUY"
2000,0.345,"HTI"
2000,0.418,"HND"
2000,0.686,"HKG"
2000,0.736,"HUN"
2000,0.789,"ISL"
2000,0.379,"IND"
2000,0.518,"IDN"
2000,0.53,"IRN"
2000,0.411,"IRQ"
2000,0.817,"IRL"
2000,0.82,"ISR"
2000,0.7,"ITA"
2000,0.548,"JAM"
2000,0.754,"JPN"
2000,0.671,"JOR"
2000,0.692,"KAZ"
2000,0.408,"KEN"
2000,0.516,"KIR"
2000,0.787,"KOR"
2000,0.595,"KWT"
2000,0.657,"KGZ"
2000,0.352,"LAO"
2000,0.707,"LVA"
2000,NA,"LBN"
2000,0.45,"LSO"
2000,0.408,"LBR"
2000,0.621,"LBY"
2000,0.716,"LIE"
2000,0.762,"LTU"
2000,0.717,"LUX"
2000,0.399,"MDG"
2000,0.378,"MWI"
2000,0.619,"MYS"
2000,0.43,"MDV"
2000,0.168,"MLI"
2000,0.648,"MLT"
2000,NA,"MHL"
2000,0.279,"MRT"
2000,0.546,"MUS"
2000,0.548,"MEX"
2000,0.441,"FSM"
2000,0.617,"MDA"
2000,0.534,"MNG"
2000,NA,"MNE"
2000,0.348,"MAR"
2000,0.236,"MOZ"
2000,0.319,"MMR"
2000,0.51,"NAM"
2000,0.33,"NPL"
2000,0.821,"NLD"
2000,0.869,"NZL"
2000,0.457,"NIC"
2000,0.116,"NER"
2000,NA,"NGA"
2000,0.888,"NOR"
2000,0.475,"OMN"
2000,0.259,"PAK"
2000,0.761,"PLW"
2000,NA,"PSE"
2000,0.627,"PAN"
2000,0.284,"PNG"
2000,0.524,"PRY"
2000,0.636,"PER"
2000,0.568,"PHL"
2000,0.777,"POL"
2000,0.661,"PRT"
2000,0.613,"QAT"
2000,0.654,"ROU"
2000,0.724,"RUS"
2000,0.276,"RWA"
2000,NA,"KNA"
2000,0.586,"LCA"
2000,0.608,"VCT"
2000,0.627,"WSM"
2000,0.402,"STP"
2000,0.555,"SAU"
2000,0.213,"SEN"
2000,0.677,"SRB"
2000,0.588,"SYC"
2000,0.27,"SLE"
2000,0.649,"SGP"
2000,0.712,"SVK"
2000,0.795,"SVN"
2000,0.336,"SLB"
2000,0.652,"ZAF"
2000,NA,"SSD"
2000,0.715,"ESP"
2000,0.679,"LKA"
2000,0.238,"SDN"
2000,NA,"SUR"
2000,0.881,"SWE"
2000,0.803,"CHE"
2000,0.433,"SYR"
2000,0.624,"TJK"
2000,0.314,"TZA"
2000,0.517,"THA"
2000,0.544,"MKD"
2000,0.364,"TLS"
2000,0.395,"TGO"
2000,0.671,"TON"
2000,0.634,"TTO"
2000,0.526,"TUN"
2000,0.493,"TUR"
2000,NA,"TKM"
2000,0.43,"UGA"
2000,0.717,"UKR"
2000,0.609,"ARE"
2000,0.836,"GBR"
2000,0.854,"USA"
2000,0.661,"URY"
2000,0.601,"UZB"
2000,NA,"VUT"
2000,0.503,"VEN"
2000,0.474,"VNM"
2000,0.258,"YEM"
2000,0.468,"ZMB"
2000,0.488,"ZWE"
2001,0.247,"AFG"
2001,0.589,"ALB"
2001,0.513,"DZA"
2001,0.538,"AND"
2001,0.3,"AGO"
2001,NA,"ATG"
2001,0.756,"ARG"
2001,0.657,"ARM"
2001,0.896,"AUS"
2001,0.754,"AUT"
2001,0.647,"AZE"
2001,0.702,"BHS"
2001,0.645,"BHR"
2001,0.355,"BGD"
2001,0.69,"BRB"
2001,0.677,"BLR"
2001,0.838,"BEL"
2001,0.668,"BLZ"
2001,0.294,"BEN"
2001,NA,"BTN"
2001,0.631,"BOL"
2001,0.565,"BIH"
2001,0.59,"BWA"
2001,0.597,"BRA"
2001,0.647,"BRN"
2001,0.69,"BGR"
2001,0.142,"BFA"
2001,0.186,"BDI"
2001,0.435,"CPV"
2001,0.337,"KHM"
2001,0.396,"CMR"
2001,0.814,"CAN"
2001,0.249,"CAF"
2001,0.19,"TCD"
2001,0.684,"CHL"
2001,0.487,"CHN"
2001,0.537,"COL"
2001,NA,"COM"
2001,0.452,"COG"
2001,0.315,"COD"
2001,0.597,"CRI"
2001,0.677,"HRV"
2001,0.67,"CUB"
2001,0.684,"CYP"
2001,0.762,"CZE"
2001,0.305,"CIV"
2001,0.842,"DNK"
2001,0.203,"DJI"
2001,0.597,"DMA"
2001,0.56,"DOM"
2001,0.581,"ECU"
2001,0.476,"EGY"
2001,0.505,"SLV"
2001,0.407,"GNQ"
2001,NA,"ERI"
2001,0.822,"EST"
2001,0.38,"SWZ"
2001,0.187,"ETH"
2001,0.686,"FJI"
2001,0.814,"FIN"
2001,0.763,"FRA"
2001,0.551,"GAB"
2001,0.264,"GMB"
2001,0.721,"GEO"
2001,0.842,"DEU"
2001,0.419,"GHA"
2001,0.69,"GRC"
2001,NA,"GRD"
2001,0.368,"GTM"
2001,0.203,"GIN"
2001,NA,"GNB"
2001,0.565,"GUY"
2001,0.351,"HTI"
2001,0.426,"HND"
2001,0.701,"HKG"
2001,0.749,"HUN"
2001,0.796,"ISL"
2001,0.382,"IND"
2001,0.524,"IDN"
2001,0.544,"IRN"
2001,0.426,"IRQ"
2001,0.826,"IRL"
2001,0.827,"ISR"
2001,0.712,"ITA"
2001,0.576,"JAM"
2001,0.759,"JPN"
2001,0.679,"JOR"
2001,0.711,"KAZ"
2001,0.416,"KEN"
2001,0.556,"KIR"
2001,0.794,"KOR"
2001,0.592,"KWT"
2001,0.669,"KGZ"
2001,0.354,"LAO"
2001,0.742,"LVA"
2001,NA,"LBN"
2001,0.456,"LSO"
2001,0.407,"LBR"
2001,0.631,"LBY"
2001,0.728,"LIE"
2001,0.783,"LTU"
2001,0.725,"LUX"
2001,0.404,"MDG"
2001,0.388,"MWI"
2001,0.613,"MYS"
2001,0.438,"MDV"
2001,0.179,"MLI"
2001,0.657,"MLT"
2001,NA,"MHL"
2001,0.282,"MRT"
2001,0.561,"MUS"
2001,0.554,"MEX"
2001,0.453,"FSM"
2001,0.623,"MDA"
2001,0.557,"MNG"
2001,NA,"MNE"
2001,0.361,"MAR"
2001,0.253,"MOZ"
2001,0.324,"MMR"
2001,0.521,"NAM"
2001,0.322,"NPL"
2001,0.829,"NLD"
2001,0.872,"NZL"
2001,0.468,"NIC"
2001,0.12,"NER"
2001,NA,"NGA"
2001,0.878,"NOR"
2001,0.492,"OMN"
2001,0.27,"PAK"
2001,0.762,"PLW"
2001,NA,"PSE"
2001,0.637,"PAN"
2001,0.296,"PNG"
2001,0.546,"PRY"
2001,0.655,"PER"
2001,0.573,"PHL"
2001,0.787,"POL"
2001,0.669,"PRT"
2001,0.616,"QAT"
2001,0.657,"ROU"
2001,0.735,"RUS"
2001,0.282,"RWA"
2001,NA,"KNA"
2001,0.585,"LCA"
2001,0.614,"VCT"
2001,0.632,"WSM"
2001,0.408,"STP"
2001,0.563,"SAU"
2001,0.235,"SEN"
2001,0.684,"SRB"
2001,0.576,"SYC"
2001,0.279,"SLE"
2001,0.657,"SGP"
2001,0.704,"SVK"
2001,0.818,"SVN"
2001,0.357,"SLB"
2001,0.609,"ZAF"
2001,NA,"SSD"
2001,0.716,"ESP"
2001,0.689,"LKA"
2001,0.244,"SDN"
2001,NA,"SUR"
2001,0.883,"SWE"
2001,0.807,"CHE"
2001,0.444,"SYR"
2001,0.627,"TJK"
2001,0.323,"TZA"
2001,0.532,"THA"
2001,0.557,"MKD"
2001,0.364,"TLS"
2001,0.405,"TGO"
2001,0.679,"TON"
2001,0.641,"TTO"
2001,0.539,"TUN"
2001,0.51,"TUR"
2001,NA,"TKM"
2001,0.439,"UGA"
2001,0.728,"UKR"
2001,0.618,"ARE"
2001,0.84,"GBR"
2001,0.859,"USA"
2001,0.674,"URY"
2001,0.614,"UZB"
2001,NA,"VUT"
2001,0.518,"VEN"
2001,0.485,"VNM"
2001,0.268,"YEM"
2001,0.477,"ZMB"
2001,0.502,"ZWE"
2002,0.259,"AFG"
2002,0.598,"ALB"
2002,0.529,"DZA"
2002,0.559,"AND"
2002,0.312,"AGO"
2002,NA,"ATG"
2002,0.762,"ARG"
2002,0.66,"ARM"
2002,0.895,"AUS"
2002,0.721,"AUT"
2002,0.653,"AZE"
2002,0.704,"BHS"
2002,0.646,"BHR"
2002,0.362,"BGD"
2002,0.697,"BRB"
2002,0.687,"BLR"
2002,0.842,"BEL"
2002,0.678,"BLZ"
2002,0.31,"BEN"
2002,NA,"BTN"
2002,0.641,"BOL"
2002,0.574,"BIH"
2002,0.59,"BWA"
2002,0.61,"BRA"
2002,0.651,"BRN"
2002,0.691,"BGR"
2002,0.147,"BFA"
2002,0.199,"BDI"
2002,0.451,"CPV"
2002,0.369,"KHM"
2002,0.394,"CMR"
2002,0.822,"CAN"
2002,0.256,"CAF"
2002,0.198,"TCD"
2002,0.685,"CHL"
2002,0.496,"CHN"
2002,0.54,"COL"
2002,NA,"COM"
2002,0.449,"COG"
2002,0.324,"COD"
2002,0.601,"CRI"
2002,0.685,"HRV"
2002,0.671,"CUB"
2002,0.701,"CYP"
2002,0.777,"CZE"
2002,0.313,"CIV"
2002,0.858,"DNK"
2002,0.211,"DJI"
2002,0.599,"DMA"
2002,0.566,"DOM"
2002,0.586,"ECU"
2002,0.484,"EGY"
2002,0.518,"SLV"
2002,0.411,"GNQ"
2002,NA,"ERI"
2002,0.83,"EST"
2002,0.373,"SWZ"
2002,0.2,"ETH"
2002,0.685,"FJI"
2002,0.817,"FIN"
2002,0.764,"FRA"
2002,0.557,"GAB"
2002,0.274,"GMB"
2002,0.724,"GEO"
2002,0.857,"DEU"
2002,0.427,"GHA"
2002,0.714,"GRC"
2002,0.654,"GRD"
2002,0.379,"GTM"
2002,0.214,"GIN"
2002,NA,"GNB"
2002,0.568,"GUY"
2002,0.356,"HTI"
2002,0.434,"HND"
2002,0.716,"HKG"
2002,0.758,"HUN"
2002,0.813,"ISL"
2002,0.39,"IND"
2002,0.533,"IDN"
2002,0.546,"IRN"
2002,0.441,"IRQ"
2002,0.841,"IRL"
2002,0.849,"ISR"
2002,0.722,"ITA"
2002,0.586,"JAM"
2002,0.764,"JPN"
2002,0.688,"JOR"
2002,0.73,"KAZ"
2002,0.411,"KEN"
2002,0.556,"KIR"
2002,0.8,"KOR"
2002,0.598,"KWT"
2002,0.674,"KGZ"
2002,0.364,"LAO"
2002,0.769,"LVA"
2002,NA,"LBN"
2002,0.46,"LSO"
2002,0.406,"LBR"
2002,0.642,"LBY"
2002,0.739,"LIE"
2002,0.801,"LTU"
2002,0.734,"LUX"
2002,0.412,"MDG"
2002,0.388,"MWI"
2002,0.611,"MYS"
2002,0.435,"MDV"
2002,0.191,"MLI"
2002,0.662,"MLT"
2002,NA,"MHL"
2002,0.286,"MRT"
2002,0.569,"MUS"
2002,0.566,"MEX"
2002,0.465,"FSM"
2002,0.638,"MDA"
2002,0.57,"MNG"
2002,NA,"MNE"
2002,0.377,"MAR"
2002,0.268,"MOZ"
2002,0.329,"MMR"
2002,0.517,"NAM"
2002,0.341,"NPL"
2002,0.824,"NLD"
2002,0.887,"NZL"
2002,0.479,"NIC"
2002,0.124,"NER"
2002,NA,"NGA"
2002,0.88,"NOR"
2002,0.51,"OMN"
2002,0.28,"PAK"
2002,0.763,"PLW"
2002,NA,"PSE"
2002,0.645,"PAN"
2002,0.306,"PNG"
2002,0.568,"PRY"
2002,0.646,"PER"
2002,0.584,"PHL"
2002,0.804,"POL"
2002,0.67,"PRT"
2002,0.625,"QAT"
2002,0.667,"ROU"
2002,0.746,"RUS"
2002,0.296,"RWA"
2002,NA,"KNA"
2002,0.585,"LCA"
2002,0.616,"VCT"
2002,0.637,"WSM"
2002,0.413,"STP"
2002,0.572,"SAU"
2002,0.242,"SEN"
2002,0.684,"SRB"
2002,0.588,"SYC"
2002,0.287,"SLE"
2002,0.67,"SGP"
2002,0.718,"SVK"
2002,0.831,"SVN"
2002,0.377,"SLB"
2002,0.644,"ZAF"
2002,NA,"SSD"
2002,0.717,"ESP"
2002,0.692,"LKA"
2002,0.249,"SDN"
2002,NA,"SUR"
2002,0.886,"SWE"
2002,0.805,"CHE"
2002,0.442,"SYR"
2002,0.634,"TJK"
2002,0.332,"TZA"
2002,0.544,"THA"
2002,0.569,"MKD"
2002,0.37,"TLS"
2002,0.41,"TGO"
2002,0.686,"TON"
2002,0.648,"TTO"
2002,0.549,"TUN"
2002,0.524,"TUR"
2002,NA,"TKM"
2002,0.458,"UGA"
2002,0.742,"UKR"
2002,0.627,"ARE"
2002,0.842,"GBR"
2002,0.861,"USA"
2002,0.685,"URY"
2002,0.627,"UZB"
2002,NA,"VUT"
2002,0.549,"VEN"
2002,0.496,"VNM"
2002,0.278,"YEM"
2002,0.486,"ZMB"
2002,0.493,"ZWE"
2003,0.271,"AFG"
2003,0.605,"ALB"
2003,0.542,"DZA"
2003,0.64,"AND"
2003,0.324,"AGO"
2003,NA,"ATG"
2003,0.761,"ARG"
2003,0.662,"ARM"
2003,0.893,"AUS"
2003,0.728,"AUT"
2003,0.66,"AZE"
2003,0.706,"BHS"
2003,0.646,"BHR"
2003,0.37,"BGD"
2003,0.704,"BRB"
2003,0.696,"BLR"
2003,0.846,"BEL"
2003,0.689,"BLZ"
2003,0.321,"BEN"
2003,NA,"BTN"
2003,0.644,"BOL"
2003,0.582,"BIH"
2003,0.596,"BWA"
2003,0.595,"BRA"
2003,0.661,"BRN"
2003,0.705,"BGR"
2003,0.151,"BFA"
2003,0.214,"BDI"
2003,0.454,"CPV"
2003,0.382,"KHM"
2003,0.399,"CMR"
2003,0.83,"CAN"
2003,0.262,"CAF"
2003,0.201,"TCD"
2003,0.698,"CHL"
2003,0.508,"CHN"
2003,0.533,"COL"
2003,NA,"COM"
2003,0.445,"COG"
2003,0.333,"COD"
2003,0.605,"CRI"
2003,0.693,"HRV"
2003,0.693,"CUB"
2003,0.718,"CYP"
2003,0.792,"CZE"
2003,0.321,"CIV"
2003,0.885,"DNK"
2003,0.222,"DJI"
2003,0.602,"DMA"
2003,0.573,"DOM"
2003,0.59,"ECU"
2003,0.487,"EGY"
2003,0.533,"SLV"
2003,0.416,"GNQ"
2003,NA,"ERI"
2003,0.835,"EST"
2003,0.376,"SWZ"
2003,0.208,"ETH"
2003,0.684,"FJI"
2003,0.82,"FIN"
2003,0.772,"FRA"
2003,0.563,"GAB"
2003,0.284,"GMB"
2003,0.731,"GEO"
2003,0.872,"DEU"
2003,0.423,"GHA"
2003,0.724,"GRC"
2003,0.662,"GRD"
2003,0.382,"GTM"
2003,0.194,"GIN"
2003,NA,"GNB"
2003,0.554,"GUY"
2003,0.362,"HTI"
2003,0.442,"HND"
2003,0.731,"HKG"
2003,0.773,"HUN"
2003,0.827,"ISL"
2003,0.409,"IND"
2003,0.543,"IDN"
2003,0.55,"IRN"
2003,0.456,"IRQ"
2003,0.855,"IRL"
2003,0.848,"ISR"
2003,0.733,"ITA"
2003,0.569,"JAM"
2003,0.768,"JPN"
2003,0.698,"JOR"
2003,0.75,"KAZ"
2003,0.434,"KEN"
2003,0.581,"KIR"
2003,0.81,"KOR"
2003,0.603,"KWT"
2003,0.683,"KGZ"
2003,0.375,"LAO"
2003,0.795,"LVA"
2003,NA,"LBN"
2003,0.469,"LSO"
2003,0.406,"LBR"
2003,0.646,"LBY"
2003,0.751,"LIE"
2003,0.821,"LTU"
2003,0.739,"LUX"
2003,0.42,"MDG"
2003,0.387,"MWI"
2003,0.62,"MYS"
2003,0.451,"MDV"
2003,0.203,"MLI"
2003,0.678,"MLT"
2003,NA,"MHL"
2003,0.291,"MRT"
2003,0.583,"MUS"
2003,0.579,"MEX"
2003,0.478,"FSM"
2003,0.652,"MDA"
2003,0.593,"MNG"
2003,0.693,"MNE"
2003,0.39,"MAR"
2003,0.282,"MOZ"
2003,0.334,"MMR"
2003,0.52,"NAM"
2003,0.346,"NPL"
2003,0.832,"NLD"
2003,0.888,"NZL"
2003,0.482,"NIC"
2003,0.126,"NER"
2003,0.411,"NGA"
2003,0.892,"NOR"
2003,0.532,"OMN"
2003,0.29,"PAK"
2003,0.765,"PLW"
2003,NA,"PSE"
2003,0.651,"PAN"
2003,0.316,"PNG"
2003,0.571,"PRY"
2003,0.636,"PER"
2003,0.589,"PHL"
2003,0.811,"POL"
2003,0.677,"PRT"
2003,0.642,"QAT"
2003,0.683,"ROU"
2003,0.757,"RUS"
2003,0.316,"RWA"
2003,NA,"KNA"
2003,0.584,"LCA"
2003,0.626,"VCT"
2003,0.642,"WSM"
2003,0.418,"STP"
2003,0.58,"SAU"
2003,0.249,"SEN"
2003,0.693,"SRB"
2003,0.595,"SYC"
2003,0.295,"SLE"
2003,0.681,"SGP"
2003,0.729,"SVK"
2003,0.843,"SVN"
2003,0.383,"SLB"
2003,0.651,"ZAF"
2003,NA,"SSD"
2003,0.72,"ESP"
2003,0.698,"LKA"
2003,0.255,"SDN"
2003,NA,"SUR"
2003,0.894,"SWE"
2003,0.813,"CHE"
2003,0.464,"SYR"
2003,0.645,"TJK"
2003,0.343,"TZA"
2003,0.555,"THA"
2003,0.581,"MKD"
2003,0.384,"TLS"
2003,0.416,"TGO"
2003,0.712,"TON"
2003,0.655,"TTO"
2003,0.557,"TUN"
2003,0.53,"TUR"
2003,NA,"TKM"
2003,0.464,"UGA"
2003,0.754,"UKR"
2003,0.636,"ARE"
2003,0.845,"GBR"
2003,0.866,"USA"
2003,0.697,"URY"
2003,0.634,"UZB"
2003,NA,"VUT"
2003,0.556,"VEN"
2003,0.507,"VNM"
2003,0.287,"YEM"
2003,0.495,"ZMB"
2003,0.483,"ZWE"
2004,0.302,"AFG"
2004,0.606,"ALB"
2004,0.557,"DZA"
2004,0.649,"AND"
2004,0.336,"AGO"
2004,NA,"ATG"
2004,0.76,"ARG"
2004,0.664,"ARM"
2004,0.892,"AUS"
2004,0.74,"AUT"
2004,0.666,"AZE"
2004,0.708,"BHS"
2004,0.641,"BHR"
2004,0.378,"BGD"
2004,0.711,"BRB"
2004,0.706,"BLR"
2004,0.849,"BEL"
2004,0.699,"BLZ"
2004,0.333,"BEN"
2004,NA,"BTN"
2004,0.637,"BOL"
2004,0.59,"BIH"
2004,0.601,"BWA"
2004,0.593,"BRA"
2004,0.673,"BRN"
2004,0.712,"BGR"
2004,0.162,"BFA"
2004,0.228,"BDI"
2004,0.455,"CPV"
2004,0.392,"KHM"
2004,0.4,"CMR"
2004,0.839,"CAN"
2004,0.269,"CAF"
2004,0.204,"TCD"
2004,0.715,"CHL"
2004,0.522,"CHN"
2004,0.56,"COL"
2004,0.364,"COM"
2004,0.453,"COG"
2004,0.343,"COD"
2004,0.609,"CRI"
2004,0.702,"HRV"
2004,0.721,"CUB"
2004,0.724,"CYP"
2004,0.794,"CZE"
2004,0.329,"CIV"
2004,0.889,"DNK"
2004,0.232,"DJI"
2004,0.604,"DMA"
2004,0.579,"DOM"
2004,0.594,"ECU"
2004,0.497,"EGY"
2004,0.546,"SLV"
2004,0.421,"GNQ"
2004,NA,"ERI"
2004,0.841,"EST"
2004,0.401,"SWZ"
2004,0.221,"ETH"
2004,0.695,"FJI"
2004,0.871,"FIN"
2004,0.774,"FRA"
2004,0.569,"GAB"
2004,0.293,"GMB"
2004,0.74,"GEO"
2004,0.886,"DEU"
2004,0.437,"GHA"
2004,0.742,"GRC"
2004,0.67,"GRD"
2004,0.386,"GTM"
2004,0.236,"GIN"
2004,NA,"GNB"
2004,0.561,"GUY"
2004,0.368,"HTI"
2004,0.449,"HND"
2004,0.747,"HKG"
2004,0.77,"HUN"
2004,0.828,"ISL"
2004,0.419,"IND"
2004,0.551,"IDN"
2004,0.546,"IRN"
2004,0.471,"IRQ"
2004,0.872,"IRL"
2004,0.846,"ISR"
2004,0.741,"ITA"
2004,0.611,"JAM"
2004,0.774,"JPN"
2004,0.705,"JOR"
2004,0.769,"KAZ"
2004,0.451,"KEN"
2004,0.578,"KIR"
2004,0.821,"KOR"
2004,0.598,"KWT"
2004,0.683,"KGZ"
2004,0.382,"LAO"
2004,0.822,"LVA"
2004,NA,"LBN"
2004,0.471,"LSO"
2004,0.405,"LBR"
2004,0.644,"LBY"
2004,0.763,"LIE"
2004,0.829,"LTU"
2004,0.746,"LUX"
2004,0.428,"MDG"
2004,0.375,"MWI"
2004,0.621,"MYS"
2004,0.451,"MDV"
2004,0.214,"MLI"
2004,0.7,"MLT"
2004,NA,"MHL"
2004,0.307,"MRT"
2004,0.595,"MUS"
2004,0.588,"MEX"
2004,0.49,"FSM"
2004,0.666,"MDA"
2004,0.612,"MNG"
2004,0.705,"MNE"
2004,0.4,"MAR"
2004,0.298,"MOZ"
2004,0.339,"MMR"
2004,0.518,"NAM"
2004,0.353,"NPL"
2004,0.835,"NLD"
2004,0.888,"NZL"
2004,0.485,"NIC"
2004,0.137,"NER"
2004,0.424,"NGA"
2004,0.913,"NOR"
2004,0.543,"OMN"
2004,0.311,"PAK"
2004,0.766,"PLW"
2004,0.607,"PSE"
2004,0.655,"PAN"
2004,0.33,"PNG"
2004,0.579,"PRY"
2004,0.647,"PER"
2004,0.611,"PHL"
2004,0.796,"POL"
2004,0.673,"PRT"
2004,0.646,"QAT"
2004,0.703,"ROU"
2004,0.76,"RUS"
2004,0.337,"RWA"
2004,NA,"KNA"
2004,0.584,"LCA"
2004,0.629,"VCT"
2004,0.647,"WSM"
2004,0.426,"STP"
2004,0.594,"SAU"
2004,0.256,"SEN"
2004,0.7,"SRB"
2004,0.592,"SYC"
2004,0.303,"SLE"
2004,0.688,"SGP"
2004,0.74,"SVK"
2004,0.852,"SVN"
2004,0.388,"SLB"
2004,0.653,"ZAF"
2004,NA,"SSD"
2004,0.725,"ESP"
2004,0.704,"LKA"
2004,0.268,"SDN"
2004,0.568,"SUR"
2004,0.852,"SWE"
2004,0.819,"CHE"
2004,0.485,"SYR"
2004,0.646,"TJK"
2004,0.354,"TZA"
2004,0.567,"THA"
2004,0.593,"MKD"
2004,0.399,"TLS"
2004,0.421,"TGO"
2004,0.712,"TON"
2004,0.667,"TTO"
2004,0.573,"TUN"
2004,0.53,"TUR"
2004,NA,"TKM"
2004,0.442,"UGA"
2004,0.755,"UKR"
2004,0.645,"ARE"
2004,0.861,"GBR"
2004,0.867,"USA"
2004,0.697,"URY"
2004,0.639,"UZB"
2004,NA,"VUT"
2004,0.569,"VEN"
2004,0.518,"VNM"
2004,0.297,"YEM"
2004,0.505,"ZMB"
2004,0.485,"ZWE"
2005,0.312,"AFG"
2005,0.623,"ALB"
2005,0.57,"DZA"
2005,0.626,"AND"
2005,0.348,"AGO"
2005,0.673,"ATG"
2005,0.751,"ARG"
2005,0.675,"ARM"
2005,0.892,"AUS"
2005,0.749,"AUT"
2005,0.652,"AZE"
2005,0.71,"BHS"
2005,0.637,"BHR"
2005,0.385,"BGD"
2005,0.718,"BRB"
2005,0.716,"BLR"
2005,0.856,"BEL"
2005,0.685,"BLZ"
2005,0.344,"BEN"
2005,0.335,"BTN"
2005,0.631,"BOL"
2005,0.599,"BIH"
2005,0.606,"BWA"
2005,0.593,"BRA"
2005,0.679,"BRN"
2005,0.715,"BGR"
2005,0.173,"BFA"
2005,0.24,"BDI"
2005,0.463,"CPV"
2005,0.4,"KHM"
2005,0.4,"CMR"
2005,0.847,"CAN"
2005,0.276,"CAF"
2005,0.202,"TCD"
2005,0.722,"CHL"
2005,0.535,"CHN"
2005,0.584,"COL"
2005,0.376,"COM"
2005,0.46,"COG"
2005,0.352,"COD"
2005,0.613,"CRI"
2005,0.71,"HRV"
2005,0.736,"CUB"
2005,0.729,"CYP"
2005,0.809,"CZE"
2005,0.336,"CIV"
2005,0.895,"DNK"
2005,0.245,"DJI"
2005,0.606,"DMA"
2005,0.585,"DOM"
2005,0.598,"ECU"
2005,0.507,"EGY"
2005,0.558,"SLV"
2005,0.429,"GNQ"
2005,0.272,"ERI"
2005,0.85,"EST"
2005,0.426,"SWZ"
2005,0.247,"ETH"
2005,0.697,"FJI"
2005,0.876,"FIN"
2005,0.794,"FRA"
2005,0.575,"GAB"
2005,0.303,"GMB"
2005,0.753,"GEO"
2005,0.902,"DEU"
2005,0.454,"GHA"
2005,0.768,"GRC"
2005,0.678,"GRD"
2005,0.39,"GTM"
2005,0.251,"GIN"
2005,0.311,"GNB"
2005,0.57,"GUY"
2005,0.373,"HTI"
2005,0.457,"HND"
2005,0.762,"HKG"
2005,0.787,"HUN"
2005,0.835,"ISL"
2005,0.429,"IND"
2005,0.552,"IDN"
2005,0.552,"IRN"
2005,0.478,"IRQ"
2005,0.878,"IRL"
2005,0.847,"ISR"
2005,0.748,"ITA"
2005,0.618,"JAM"
2005,0.779,"JPN"
2005,0.705,"JOR"
2005,0.789,"KAZ"
2005,0.455,"KEN"
2005,0.581,"KIR"
2005,0.831,"KOR"
2005,0.583,"KWT"
2005,0.687,"KGZ"
2005,0.39,"LAO"
2005,0.841,"LVA"
2005,0.619,"LBN"
2005,0.473,"LSO"
2005,0.404,"LBR"
2005,0.642,"LBY"
2005,0.767,"LIE"
2005,0.848,"LTU"
2005,0.752,"LUX"
2005,0.438,"MDG"
2005,0.373,"MWI"
2005,0.608,"MYS"
2005,0.451,"MDV"
2005,0.226,"MLI"
2005,0.737,"MLT"
2005,NA,"MHL"
2005,0.311,"MRT"
2005,0.614,"MUS"
2005,0.595,"MEX"
2005,0.503,"FSM"
2005,0.676,"MDA"
2005,0.639,"MNG"
2005,0.718,"MNE"
2005,0.409,"MAR"
2005,0.318,"MOZ"
2005,0.344,"MMR"
2005,0.516,"NAM"
2005,0.359,"NPL"
2005,0.844,"NLD"
2005,0.888,"NZL"
2005,0.488,"NIC"
2005,0.144,"NER"
2005,0.426,"NGA"
2005,0.901,"NOR"
2005,0.553,"OMN"
2005,0.33,"PAK"
2005,0.767,"PLW"
2005,0.611,"PSE"
2005,0.658,"PAN"
2005,0.34,"PNG"
2005,0.581,"PRY"
2005,0.653,"PER"
2005,0.611,"PHL"
2005,0.804,"POL"
2005,0.677,"PRT"
2005,0.657,"QAT"
2005,0.716,"ROU"
2005,0.762,"RUS"
2005,0.354,"RWA"
2005,0.598,"KNA"
2005,0.594,"LCA"
2005,0.635,"VCT"
2005,0.652,"WSM"
2005,0.433,"STP"
2005,0.604,"SAU"
2005,0.263,"SEN"
2005,0.713,"SRB"
2005,0.621,"SYC"
2005,0.311,"SLE"
2005,0.735,"SGP"
2005,0.753,"SVK"
2005,0.854,"SVN"
2005,0.394,"SLB"
2005,0.655,"ZAF"
2005,NA,"SSD"
2005,0.738,"ESP"
2005,0.71,"LKA"
2005,0.274,"SDN"
2005,0.572,"SUR"
2005,0.853,"SWE"
2005,0.823,"CHE"
2005,0.509,"SYR"
2005,0.649,"TJK"
2005,0.37,"TZA"
2005,0.585,"THA"
2005,0.608,"MKD"
2005,0.414,"TLS"
2005,0.425,"TGO"
2005,0.712,"TON"
2005,0.676,"TTO"
2005,0.586,"TUN"
2005,0.53,"TUR"
2005,NA,"TKM"
2005,0.445,"UGA"
2005,0.776,"UKR"
2005,0.658,"ARE"
2005,0.867,"GBR"
2005,0.87,"USA"
2005,0.688,"URY"
2005,0.645,"UZB"
2005,0.512,"VUT"
2005,0.591,"VEN"
2005,0.528,"VNM"
2005,0.303,"YEM"
2005,0.514,"ZMB"
2005,0.488,"ZWE"
2006,0.324,"AFG"
2006,0.629,"ALB"
2006,0.577,"DZA"
2006,0.646,"AND"
2006,0.362,"AGO"
2006,0.675,"ATG"
2006,0.752,"ARG"
2006,0.69,"ARM"
2006,0.895,"AUS"
2006,0.759,"AUT"
2006,0.68,"AZE"
2006,0.712,"BHS"
2006,0.64,"BHR"
2006,0.391,"BGD"
2006,0.725,"BRB"
2006,0.745,"BLR"
2006,0.869,"BEL"
2006,0.701,"BLZ"
2006,0.355,"BEN"
2006,0.347,"BTN"
2006,0.635,"BOL"
2006,0.607,"BIH"
2006,0.615,"BWA"
2006,0.589,"BRA"
2006,0.683,"BRN"
2006,0.721,"BGR"
2006,0.181,"BFA"
2006,0.28,"BDI"
2006,0.487,"CPV"
2006,0.409,"KHM"
2006,0.406,"CMR"
2006,0.85,"CAN"
2006,0.282,"CAF"
2006,0.212,"TCD"
2006,0.719,"CHL"
2006,0.551,"CHN"
2006,0.593,"COL"
2006,0.388,"COM"
2006,0.468,"COG"
2006,0.362,"COD"
2006,0.619,"CRI"
2006,0.726,"HRV"
2006,0.78,"CUB"
2006,0.74,"CYP"
2006,0.821,"CZE"
2006,0.344,"CIV"
2006,0.89,"DNK"
2006,0.253,"DJI"
2006,0.608,"DMA"
2006,0.59,"DOM"
2006,0.6,"ECU"
2006,0.518,"EGY"
2006,0.57,"SLV"
2006,0.431,"GNQ"
2006,0.272,"ERI"
2006,0.852,"EST"
2006,0.459,"SWZ"
2006,0.264,"ETH"
2006,0.704,"FJI"
2006,0.878,"FIN"
2006,0.8,"FRA"
2006,0.58,"GAB"
2006,0.314,"GMB"
2006,0.752,"GEO"
2006,0.913,"DEU"
2006,0.469,"GHA"
2006,0.775,"GRC"
2006,0.687,"GRD"
2006,0.403,"GTM"
2006,0.265,"GIN"
2006,0.325,"GNB"
2006,0.565,"GUY"
2006,0.378,"HTI"
2006,0.465,"HND"
2006,0.781,"HKG"
2006,0.795,"HUN"
2006,0.838,"ISL"
2006,0.441,"IND"
2006,0.567,"IDN"
2006,0.633,"IRN"
2006,0.483,"IRQ"
2006,0.883,"IRL"
2006,0.838,"ISR"
2006,0.757,"ITA"
2006,0.625,"JAM"
2006,0.785,"JPN"
2006,0.704,"JOR"
2006,0.795,"KAZ"
2006,0.476,"KEN"
2006,0.575,"KIR"
2006,0.838,"KOR"
2006,0.594,"KWT"
2006,0.693,"KGZ"
2006,0.395,"LAO"
2006,0.845,"LVA"
2006,0.61,"LBN"
2006,0.475,"LSO"
2006,0.403,"LBR"
2006,0.64,"LBY"
2006,0.775,"LIE"
2006,0.856,"LTU"
2006,0.759,"LUX"
2006,0.443,"MDG"
2006,0.381,"MWI"
2006,0.615,"MYS"
2006,0.451,"MDV"
2006,0.237,"MLI"
2006,0.729,"MLT"
2006,NA,"MHL"
2006,0.319,"MRT"
2006,0.623,"MUS"
2006,0.611,"MEX"
2006,0.515,"FSM"
2006,0.69,"MDA"
2006,0.652,"MNG"
2006,0.734,"MNE"
2006,0.412,"MAR"
2006,0.328,"MOZ"
2006,0.35,"MMR"
2006,0.513,"NAM"
2006,0.375,"NPL"
2006,0.851,"NLD"
2006,0.89,"NZL"
2006,0.491,"NIC"
2006,0.149,"NER"
2006,0.428,"NGA"
2006,0.907,"NOR"
2006,0.562,"OMN"
2006,0.335,"PAK"
2006,0.773,"PLW"
2006,0.62,"PSE"
2006,0.661,"PAN"
2006,0.353,"PNG"
2006,0.569,"PRY"
2006,0.635,"PER"
2006,0.61,"PHL"
2006,0.808,"POL"
2006,0.681,"PRT"
2006,0.648,"QAT"
2006,0.733,"ROU"
2006,0.764,"RUS"
2006,0.381,"RWA"
2006,0.602,"KNA"
2006,0.608,"LCA"
2006,0.639,"VCT"
2006,0.656,"WSM"
2006,0.437,"STP"
2006,0.619,"SAU"
2006,0.267,"SEN"
2006,0.716,"SRB"
2006,0.585,"SYC"
2006,0.318,"SLE"
2006,0.729,"SGP"
2006,0.765,"SVK"
2006,0.862,"SVN"
2006,0.413,"SLB"
2006,0.656,"ZAF"
2006,NA,"SSD"
2006,0.744,"ESP"
2006,0.716,"LKA"
2006,0.283,"SDN"
2006,0.576,"SUR"
2006,0.854,"SWE"
2006,0.834,"CHE"
2006,0.522,"SYR"
2006,0.652,"TJK"
2006,0.38,"TZA"
2006,0.588,"THA"
2006,0.616,"MKD"
2006,0.428,"TLS"
2006,0.437,"TGO"
2006,0.717,"TON"
2006,0.674,"TTO"
2006,0.594,"TUN"
2006,0.545,"TUR"
2006,NA,"TKM"
2006,0.453,"UGA"
2006,0.781,"UKR"
2006,0.667,"ARE"
2006,0.859,"GBR"
2006,0.874,"USA"
2006,0.693,"URY"
2006,0.649,"UZB"
2006,0.514,"VUT"
2006,0.611,"VEN"
2006,0.539,"VNM"
2006,0.305,"YEM"
2006,0.522,"ZMB"
2006,0.495,"ZWE"
2007,0.336,"AFG"
2007,0.642,"ALB"
2007,0.588,"DZA"
2007,0.647,"AND"
2007,0.376,"AGO"
2007,0.676,"ATG"
2007,0.751,"ARG"
2007,0.707,"ARM"
2007,0.901,"AUS"
2007,0.806,"AUT"
2007,0.662,"AZE"
2007,0.714,"BHS"
2007,0.644,"BHR"
2007,0.395,"BGD"
2007,0.732,"BRB"
2007,0.774,"BLR"
2007,0.871,"BEL"
2007,0.701,"BLZ"
2007,0.366,"BEN"
2007,0.358,"BTN"
2007,0.624,"BOL"
2007,0.615,"BIH"
2007,0.619,"BWA"
2007,0.588,"BRA"
2007,0.68,"BRN"
2007,0.738,"BGR"
2007,0.194,"BFA"
2007,0.301,"BDI"
2007,0.49,"CPV"
2007,0.416,"KHM"
2007,0.428,"CMR"
2007,0.852,"CAN"
2007,0.288,"CAF"
2007,0.222,"TCD"
2007,0.729,"CHL"
2007,0.565,"CHN"
2007,0.618,"COL"
2007,0.399,"COM"
2007,0.476,"COG"
2007,0.371,"COD"
2007,0.628,"CRI"
2007,0.734,"HRV"
2007,0.815,"CUB"
2007,0.755,"CYP"
2007,0.83,"CZE"
2007,0.352,"CIV"
2007,0.884,"DNK"
2007,0.267,"DJI"
2007,0.61,"DMA"
2007,0.595,"DOM"
2007,0.602,"ECU"
2007,0.529,"EGY"
2007,0.555,"SLV"
2007,0.433,"GNQ"
2007,0.271,"ERI"
2007,0.856,"EST"
2007,0.47,"SWZ"
2007,0.281,"ETH"
2007,0.714,"FJI"
2007,0.874,"FIN"
2007,0.802,"FRA"
2007,0.585,"GAB"
2007,0.324,"GMB"
2007,0.77,"GEO"
2007,0.917,"DEU"
2007,0.492,"GHA"
2007,0.764,"GRC"
2007,0.695,"GRD"
2007,0.419,"GTM"
2007,0.272,"GIN"
2007,0.334,"GNB"
2007,0.561,"GUY"
2007,0.384,"HTI"
2007,0.474,"HND"
2007,0.783,"HKG"
2007,0.801,"HUN"
2007,0.842,"ISL"
2007,0.452,"IND"
2007,0.56,"IDN"
2007,0.631,"IRN"
2007,0.488,"IRQ"
2007,0.894,"IRL"
2007,0.855,"ISR"
2007,0.765,"ITA"
2007,0.632,"JAM"
2007,0.788,"JPN"
2007,0.704,"JOR"
2007,0.793,"KAZ"
2007,0.475,"KEN"
2007,0.575,"KIR"
2007,0.847,"KOR"
2007,0.592,"KWT"
2007,0.694,"KGZ"
2007,0.402,"LAO"
2007,0.85,"LVA"
2007,0.623,"LBN"
2007,0.482,"LSO"
2007,0.403,"LBR"
2007,0.639,"LBY"
2007,0.782,"LIE"
2007,0.863,"LTU"
2007,0.766,"LUX"
2007,0.453,"MDG"
2007,0.383,"MWI"
2007,0.64,"MYS"
2007,0.461,"MDV"
2007,0.222,"MLI"
2007,0.734,"MLT"
2007,NA,"MHL"
2007,0.318,"MRT"
2007,0.632,"MUS"
2007,0.613,"MEX"
2007,0.527,"FSM"
2007,0.7,"MDA"
2007,0.668,"MNG"
2007,0.751,"MNE"
2007,0.422,"MAR"
2007,0.347,"MOZ"
2007,0.359,"MMR"
2007,0.519,"NAM"
2007,0.381,"NPL"
2007,0.862,"NLD"
2007,0.892,"NZL"
2007,0.498,"NIC"
2007,0.154,"NER"
2007,0.431,"NGA"
2007,0.907,"NOR"
2007,0.577,"OMN"
2007,0.347,"PAK"
2007,0.779,"PLW"
2007,0.639,"PSE"
2007,0.665,"PAN"
2007,0.367,"PNG"
2007,0.568,"PRY"
2007,0.642,"PER"
2007,0.619,"PHL"
2007,0.811,"POL"
2007,0.691,"PRT"
2007,0.652,"QAT"
2007,0.756,"ROU"
2007,0.767,"RUS"
2007,0.395,"RWA"
2007,0.606,"KNA"
2007,0.607,"LCA"
2007,0.646,"VCT"
2007,0.661,"WSM"
2007,0.441,"STP"
2007,0.634,"SAU"
2007,0.278,"SEN"
2007,0.716,"SRB"
2007,0.63,"SYC"
2007,0.326,"SLE"
2007,0.735,"SGP"
2007,0.779,"SVK"
2007,0.862,"SVN"
2007,0.421,"SLB"
2007,0.66,"ZAF"
2007,NA,"SSD"
2007,0.751,"ESP"
2007,0.721,"LKA"
2007,0.282,"SDN"
2007,0.579,"SUR"
2007,0.854,"SWE"
2007,0.844,"CHE"
2007,0.537,"SYR"
2007,0.649,"TJK"
2007,0.39,"TZA"
2007,0.607,"THA"
2007,0.624,"MKD"
2007,0.443,"TLS"
2007,0.423,"TGO"
2007,0.73,"TON"
2007,0.696,"TTO"
2007,0.601,"TUN"
2007,0.554,"TUR"
2007,NA,"TKM"
2007,0.461,"UGA"
2007,0.784,"UKR"
2007,0.677,"ARE"
2007,0.861,"GBR"
2007,0.88,"USA"
2007,0.686,"URY"
2007,0.657,"UZB"
2007,0.516,"VUT"
2007,0.642,"VEN"
2007,0.55,"VNM"
2007,0.308,"YEM"
2007,0.53,"ZMB"
2007,0.502,"ZWE"
2008,0.347,"AFG"
2008,0.646,"ALB"
2008,0.588,"DZA"
2008,0.661,"AND"
2008,0.39,"AGO"
2008,0.674,"ATG"
2008,0.753,"ARG"
2008,0.712,"ARM"
2008,0.911,"AUS"
2008,0.809,"AUT"
2008,0.662,"AZE"
2008,0.714,"BHS"
2008,0.647,"BHR"
2008,0.391,"BGD"
2008,0.742,"BRB"
2008,0.804,"BLR"
2008,0.865,"BEL"
2008,0.7,"BLZ"
2008,0.377,"BEN"
2008,0.369,"BTN"
2008,0.636,"BOL"
2008,0.623,"BIH"
2008,0.626,"BWA"
2008,0.608,"BRA"
2008,0.679,"BRN"
2008,0.742,"BGR"
2008,0.208,"BFA"
2008,0.323,"BDI"
2008,0.499,"CPV"
2008,0.424,"KHM"
2008,0.441,"CMR"
2008,0.854,"CAN"
2008,0.294,"CAF"
2008,0.232,"TCD"
2008,0.748,"CHL"
2008,0.577,"CHN"
2008,0.63,"COL"
2008,0.411,"COM"
2008,0.484,"COG"
2008,0.398,"COD"
2008,0.642,"CRI"
2008,0.738,"HRV"
2008,0.838,"CUB"
2008,0.768,"CYP"
2008,0.836,"CZE"
2008,0.36,"CIV"
2008,0.897,"DNK"
2008,0.278,"DJI"
2008,0.612,"DMA"
2008,0.598,"DOM"
2008,0.628,"ECU"
2008,0.54,"EGY"
2008,0.557,"SLV"
2008,0.434,"GNQ"
2008,0.27,"ERI"
2008,0.858,"EST"
2008,0.481,"SWZ"
2008,0.298,"ETH"
2008,0.715,"FJI"
2008,0.879,"FIN"
2008,0.804,"FRA"
2008,0.589,"GAB"
2008,0.335,"GMB"
2008,0.761,"GEO"
2008,0.921,"DEU"
2008,0.511,"GHA"
2008,0.785,"GRC"
2008,0.703,"GRD"
2008,0.432,"GTM"
2008,0.28,"GIN"
2008,0.345,"GNB"
2008,0.565,"GUY"
2008,0.389,"HTI"
2008,0.461,"HND"
2008,0.798,"HKG"
2008,0.808,"HUN"
2008,0.846,"ISL"
2008,0.464,"IND"
2008,0.561,"IDN"
2008,0.64,"IRN"
2008,0.493,"IRQ"
2008,0.898,"IRL"
2008,0.851,"ISR"
2008,0.771,"ITA"
2008,0.639,"JAM"
2008,0.792,"JPN"
2008,0.704,"JOR"
2008,0.79,"KAZ"
2008,0.484,"KEN"
2008,0.585,"KIR"
2008,0.851,"KOR"
2008,0.595,"KWT"
2008,0.69,"KGZ"
2008,0.41,"LAO"
2008,0.857,"LVA"
2008,0.627,"LBN"
2008,0.48,"LSO"
2008,0.402,"LBR"
2008,0.637,"LBY"
2008,0.796,"LIE"
2008,0.871,"LTU"
2008,0.767,"LUX"
2008,0.465,"MDG"
2008,0.406,"MWI"
2008,0.664,"MYS"
2008,0.47,"MDV"
2008,0.26,"MLI"
2008,0.733,"MLT"
2008,NA,"MHL"
2008,0.317,"MRT"
2008,0.642,"MUS"
2008,0.619,"MEX"
2008,0.54,"FSM"
2008,0.698,"MDA"
2008,0.685,"MNG"
2008,0.767,"MNE"
2008,0.429,"MAR"
2008,0.36,"MOZ"
2008,0.37,"MMR"
2008,0.521,"NAM"
2008,0.395,"NPL"
2008,0.866,"NLD"
2008,0.894,"NZL"
2008,0.506,"NIC"
2008,0.162,"NER"
2008,0.435,"NGA"
2008,0.905,"NOR"
2008,0.614,"OMN"
2008,0.349,"PAK"
2008,0.784,"PLW"
2008,0.644,"PSE"
2008,0.663,"PAN"
2008,0.375,"PNG"
2008,0.582,"PRY"
2008,0.653,"PER"
2008,0.626,"PHL"
2008,0.815,"POL"
2008,0.701,"PRT"
2008,0.663,"QAT"
2008,0.777,"ROU"
2008,0.77,"RUS"
2008,0.394,"RWA"
2008,0.61,"KNA"
2008,0.616,"LCA"
2008,0.643,"VCT"
2008,0.666,"WSM"
2008,0.436,"STP"
2008,0.649,"SAU"
2008,0.289,"SEN"
2008,0.724,"SRB"
2008,0.634,"SYC"
2008,0.334,"SLE"
2008,0.75,"SGP"
2008,0.788,"SVK"
2008,0.868,"SVN"
2008,0.426,"SLB"
2008,0.681,"ZAF"
2008,NA,"SSD"
2008,0.758,"ESP"
2008,0.738,"LKA"
2008,0.298,"SDN"
2008,0.583,"SUR"
2008,0.843,"SWE"
2008,0.855,"CHE"
2008,0.533,"SYR"
2008,0.673,"TJK"
2008,0.4,"TZA"
2008,0.611,"THA"
2008,0.653,"MKD"
2008,0.468,"TLS"
2008,0.436,"TGO"
2008,0.739,"TON"
2008,0.704,"TTO"
2008,0.612,"TUN"
2008,0.555,"TUR"
2008,NA,"TKM"
2008,0.473,"UGA"
2008,0.786,"UKR"
2008,0.686,"ARE"
2008,0.872,"GBR"
2008,0.893,"USA"
2008,0.688,"URY"
2008,0.659,"UZB"
2008,0.519,"VUT"
2008,0.662,"VEN"
2008,0.561,"VNM"
2008,0.311,"YEM"
2008,0.538,"ZMB"
2008,0.509,"ZWE"
2009,0.359,"AFG"
2009,0.652,"ALB"
2009,0.608,"DZA"
2009,0.661,"AND"
2009,0.404,"AGO"
2009,0.672,"ATG"
2009,0.775,"ARG"
2009,0.729,"ARM"
2009,0.909,"AUS"
2009,0.819,"AUT"
2009,0.683,"AZE"
2009,0.713,"BHS"
2009,0.651,"BHR"
2009,0.409,"BGD"
2009,0.751,"BRB"
2009,0.828,"BLR"
2009,0.87,"BEL"
2009,0.694,"BLZ"
2009,0.389,"BEN"
2009,0.384,"BTN"
2009,0.647,"BOL"
2009,0.625,"BIH"
2009,0.633,"BWA"
2009,0.61,"BRA"
2009,0.685,"BRN"
2009,0.746,"BGR"
2009,0.22,"BFA"
2009,0.359,"BDI"
2009,0.504,"CPV"
2009,0.422,"KHM"
2009,0.455,"CMR"
2009,0.857,"CAN"
2009,0.3,"CAF"
2009,0.246,"TCD"
2009,0.745,"CHL"
2009,0.586,"CHN"
2009,0.639,"COL"
2009,0.422,"COM"
2009,0.492,"COG"
2009,0.408,"COD"
2009,0.65,"CRI"
2009,0.746,"HRV"
2009,0.841,"CUB"
2009,0.781,"CYP"
2009,0.85,"CZE"
2009,0.368,"CIV"
2009,0.891,"DNK"
2009,0.284,"DJI"
2009,0.613,"DMA"
2009,0.601,"DOM"
2009,0.629,"ECU"
2009,0.54,"EGY"
2009,0.56,"SLV"
2009,0.436,"GNQ"
2009,0.282,"ERI"
2009,0.863,"EST"
2009,0.491,"SWZ"
2009,0.3,"ETH"
2009,0.723,"FJI"
2009,0.874,"FIN"
2009,0.806,"FRA"
2009,0.594,"GAB"
2009,0.336,"GMB"
2009,0.775,"GEO"
2009,0.924,"DEU"
2009,0.516,"GHA"
2009,0.794,"GRC"
2009,0.711,"GRD"
2009,0.445,"GTM"
2009,0.284,"GIN"
2009,0.354,"GNB"
2009,0.565,"GUY"
2009,0.394,"HTI"
2009,0.469,"HND"
2009,0.807,"HKG"
2009,0.812,"HUN"
2009,0.849,"ISL"
2009,0.466,"IND"
2009,0.582,"IDN"
2009,0.651,"IRN"
2009,0.498,"IRQ"
2009,0.904,"IRL"
2009,0.855,"ISR"
2009,0.774,"ITA"
2009,0.645,"JAM"
2009,0.796,"JPN"
2009,0.697,"JOR"
2009,0.786,"KAZ"
2009,0.494,"KEN"
2009,0.592,"KIR"
2009,0.832,"KOR"
2009,0.596,"KWT"
2009,0.693,"KGZ"
2009,0.42,"LAO"
2009,0.852,"LVA"
2009,0.633,"LBN"
2009,0.498,"LSO"
2009,0.401,"LBR"
2009,0.635,"LBY"
2009,0.795,"LIE"
2009,0.853,"LTU"
2009,0.774,"LUX"
2009,0.481,"MDG"
2009,0.421,"MWI"
2009,0.676,"MYS"
2009,0.477,"MDV"
2009,0.27,"MLI"
2009,0.744,"MLT"
2009,NA,"MHL"
2009,0.333,"MRT"
2009,0.655,"MUS"
2009,0.627,"MEX"
2009,0.552,"FSM"
2009,0.697,"MDA"
2009,0.701,"MNG"
2009,0.78,"MNE"
2009,0.437,"MAR"
2009,0.366,"MOZ"
2009,0.381,"MMR"
2009,0.528,"NAM"
2009,0.416,"NPL"
2009,0.865,"NLD"
2009,0.897,"NZL"
2009,0.513,"NIC"
2009,0.17,"NER"
2009,0.438,"NGA"
2009,0.905,"NOR"
2009,0.627,"OMN"
2009,0.359,"PAK"
2009,0.79,"PLW"
2009,0.651,"PSE"
2009,0.665,"PAN"
2009,0.389,"PNG"
2009,0.576,"PRY"
2009,0.656,"PER"
2009,0.615,"PHL"
2009,0.822,"POL"
2009,0.707,"PRT"
2009,0.657,"QAT"
2009,0.786,"ROU"
2009,0.763,"RUS"
2009,0.416,"RWA"
2009,0.618,"KNA"
2009,0.623,"LCA"
2009,0.648,"VCT"
2009,0.671,"WSM"
2009,0.453,"STP"
2009,0.664,"SAU"
2009,0.294,"SEN"
2009,0.726,"SRB"
2009,0.637,"SYC"
2009,0.342,"SLE"
2009,0.753,"SGP"
2009,0.795,"SVK"
2009,0.873,"SVN"
2009,0.432,"SLB"
2009,0.694,"ZAF"
2009,NA,"SSD"
2009,0.764,"ESP"
2009,0.738,"LKA"
2009,0.305,"SDN"
2009,0.542,"SUR"
2009,0.845,"SWE"
2009,0.873,"CHE"
2009,0.542,"SYR"
2009,0.671,"TJK"
2009,0.41,"TZA"
2009,0.618,"THA"
2009,0.657,"MKD"
2009,0.476,"TLS"
2009,0.45,"TGO"
2009,0.748,"TON"
2009,0.706,"TTO"
2009,0.614,"TUN"
2009,0.578,"TUR"
2009,NA,"TKM"
2009,0.477,"UGA"
2009,0.787,"UKR"
2009,0.695,"ARE"
2009,0.884,"GBR"
2009,0.896,"USA"
2009,0.713,"URY"
2009,0.667,"UZB"
2009,0.521,"VUT"
2009,0.668,"VEN"
2009,0.598,"VNM"
2009,0.318,"YEM"
2009,0.546,"ZMB"
2009,0.516,"ZWE"
2010,0.371,"AFG"
2010,0.673,"ALB"
2010,0.626,"DZA"
2010,0.662,"AND"
2010,0.398,"AGO"
2010,0.667,"ATG"
2010,0.802,"ARG"
2010,0.731,"ARM"
2010,0.913,"AUS"
2010,0.837,"AUT"
2010,0.681,"AZE"
2010,0.716,"BHS"
2010,0.654,"BHR"
2010,0.425,"BGD"
2010,0.742,"BRB"
2010,0.829,"BLR"
2010,0.871,"BEL"
2010,0.695,"BLZ"
2010,0.4,"BEN"
2010,0.397,"BTN"
2010,0.641,"BOL"
2010,0.608,"BIH"
2010,0.64,"BWA"
2010,0.619,"BRA"
2010,0.685,"BRN"
2010,0.756,"BGR"
2010,0.232,"BFA"
2010,0.376,"BDI"
2010,0.513,"CPV"
2010,0.45,"KHM"
2010,0.468,"CMR"
2010,0.859,"CAN"
2010,0.309,"CAF"
2010,0.249,"TCD"
2010,0.747,"CHL"
2010,0.602,"CHN"
2010,0.644,"COL"
2010,0.434,"COM"
2010,0.5,"COG"
2010,0.424,"COD"
2010,0.65,"CRI"
2010,0.76,"HRV"
2010,0.824,"CUB"
2010,0.767,"CYP"
2010,0.858,"CZE"
2010,0.376,"CIV"
2010,0.895,"DNK"
2010,0.296,"DJI"
2010,0.613,"DMA"
2010,0.606,"DOM"
2010,0.632,"ECU"
2010,0.551,"EGY"
2010,0.586,"SLV"
2010,0.438,"GNQ"
2010,0.279,"ERI"
2010,0.872,"EST"
2010,0.501,"SWZ"
2010,0.305,"ETH"
2010,0.736,"FJI"
2010,0.879,"FIN"
2010,0.81,"FRA"
2010,0.599,"GAB"
2010,0.336,"GMB"
2010,0.777,"GEO"
2010,0.928,"DEU"
2010,0.526,"GHA"
2010,0.793,"GRC"
2010,0.719,"GRD"
2010,0.457,"GTM"
2010,0.288,"GIN"
2010,0.361,"GNB"
2010,0.575,"GUY"
2010,0.399,"HTI"
2010,0.477,"HND"
2010,0.808,"HKG"
2010,0.819,"HUN"
2010,0.853,"ISL"
2010,0.478,"IND"
2010,0.586,"IDN"
2010,0.662,"IRN"
2010,0.503,"IRQ"
2010,0.907,"IRL"
2010,0.86,"ISR"
2010,0.778,"ITA"
2010,0.652,"JAM"
2010,0.802,"JPN"
2010,0.685,"JOR"
2010,0.781,"KAZ"
2010,0.501,"KEN"
2010,0.605,"KIR"
2010,0.86,"KOR"
2010,0.599,"KWT"
2010,0.697,"KGZ"
2010,0.429,"LAO"
2010,0.85,"LVA"
2010,0.631,"LBN"
2010,0.492,"LSO"
2010,0.4,"LBR"
2010,0.634,"LBY"
2010,0.807,"LIE"
2010,0.854,"LTU"
2010,0.78,"LUX"
2010,0.484,"MDG"
2010,0.428,"MWI"
2010,0.687,"MYS"
2010,0.494,"MDV"
2010,0.277,"MLI"
2010,0.769,"MLT"
2010,NA,"MHL"
2010,0.338,"MRT"
2010,0.664,"MUS"
2010,0.623,"MEX"
2010,0.564,"FSM"
2010,0.696,"MDA"
2010,0.721,"MNG"
2010,0.787,"MNE"
2010,0.449,"MAR"
2010,0.373,"MOZ"
2010,0.392,"MMR"
2010,0.538,"NAM"
2010,0.443,"NPL"
2010,0.871,"NLD"
2010,0.899,"NZL"
2010,0.52,"NIC"
2010,0.18,"NER"
2010,0.407,"NGA"
2010,0.912,"NOR"
2010,0.635,"OMN"
2010,0.365,"PAK"
2010,0.795,"PLW"
2010,0.655,"PSE"
2010,0.665,"PAN"
2010,0.405,"PNG"
2010,0.599,"PRY"
2010,0.652,"PER"
2010,0.622,"PHL"
2010,0.832,"POL"
2010,0.715,"PRT"
2010,0.637,"QAT"
2010,0.783,"ROU"
2010,0.772,"RUS"
2010,0.437,"RWA"
2010,0.631,"KNA"
2010,0.644,"LCA"
2010,0.657,"VCT"
2010,0.676,"WSM"
2010,0.455,"STP"
2010,0.691,"SAU"
2010,0.301,"SEN"
2010,0.722,"SRB"
2010,0.642,"SYC"
2010,0.349,"SLE"
2010,0.795,"SGP"
2010,0.802,"SVK"
2010,0.878,"SVN"
2010,0.437,"SLB"
2010,0.69,"ZAF"
2010,0.297,"SSD"
2010,0.78,"ESP"
2010,0.739,"LKA"
2010,0.306,"SDN"
2010,0.602,"SUR"
2010,0.853,"SWE"
2010,0.877,"CHE"
2010,0.537,"SYR"
2010,0.671,"TJK"
2010,0.416,"TZA"
2010,0.624,"THA"
2010,0.662,"MKD"
2010,0.493,"TLS"
2010,0.464,"TGO"
2010,0.757,"TON"
2010,0.708,"TTO"
2010,0.625,"TUN"
2010,0.608,"TUR"
2010,0.624,"TKM"
2010,0.493,"UGA"
2010,0.788,"UKR"
2010,0.703,"ARE"
2010,0.896,"GBR"
2010,0.902,"USA"
2010,0.687,"URY"
2010,0.674,"UZB"
2010,0.523,"VUT"
2010,0.686,"VEN"
2010,0.583,"VNM"
2010,0.326,"YEM"
2010,0.555,"ZMB"
2010,0.523,"ZWE"
2011,0.382,"AFG"
2011,0.693,"ALB"
2011,0.644,"DZA"
2011,0.663,"AND"
2011,0.423,"AGO"
2011,0.659,"ATG"
2011,0.807,"ARG"
2011,0.732,"ARM"
2011,0.916,"AUS"
2011,0.838,"AUT"
2011,0.684,"AZE"
2011,0.723,"BHS"
2011,0.664,"BHR"
2011,0.442,"BGD"
2011,0.755,"BRB"
2011,0.833,"BLR"
2011,0.873,"BEL"
2011,0.697,"BLZ"
2011,0.411,"BEN"
2011,0.408,"BTN"
2011,0.649,"BOL"
2011,0.626,"BIH"
2011,0.646,"BWA"
2011,0.622,"BRA"
2011,0.693,"BRN"
2011,0.76,"BGR"
2011,0.245,"BFA"
2011,0.392,"BDI"
2011,0.522,"CPV"
2011,0.46,"KHM"
2011,0.486,"CMR"
2011,0.863,"CAN"
2011,0.317,"CAF"
2011,0.269,"TCD"
2011,0.753,"CHL"
2011,0.61,"CHN"
2011,0.652,"COL"
2011,0.446,"COM"
2011,0.5,"COG"
2011,0.44,"COD"
2011,0.659,"CRI"
2011,0.772,"HRV"
2011,0.813,"CUB"
2011,0.771,"CYP"
2011,0.863,"CZE"
2011,0.386,"CIV"
2011,0.924,"DNK"
2011,0.3,"DJI"
2011,0.613,"DMA"
2011,0.611,"DOM"
2011,0.637,"ECU"
2011,0.556,"EGY"
2011,0.57,"SLV"
2011,0.438,"GNQ"
2011,0.269,"ERI"
2011,0.876,"EST"
2011,0.508,"SWZ"
2011,0.312,"ETH"
2011,0.749,"FJI"
2011,0.884,"FIN"
2011,0.812,"FRA"
2011,0.604,"GAB"
2011,0.342,"GMB"
2011,0.779,"GEO"
2011,0.932,"DEU"
2011,0.533,"GHA"
2011,0.795,"GRC"
2011,0.726,"GRD"
2011,0.47,"GTM"
2011,0.309,"GIN"
2011,0.371,"GNB"
2011,0.591,"GUY"
2011,0.407,"HTI"
2011,0.48,"HND"
2011,0.807,"HKG"
2011,0.823,"HUN"
2011,0.868,"ISL"
2011,0.494,"IND"
2011,0.598,"IDN"
2011,0.684,"IRN"
2011,0.511,"IRQ"
2011,0.862,"IRL"
2011,0.867,"ISR"
2011,0.787,"ITA"
2011,0.655,"JAM"
2011,0.813,"JPN"
2011,0.68,"JOR"
2011,0.791,"KAZ"
2011,0.508,"KEN"
2011,0.615,"KIR"
2011,0.862,"KOR"
2011,0.601,"KWT"
2011,0.697,"KGZ"
2011,0.447,"LAO"
2011,0.848,"LVA"
2011,0.637,"LBN"
2011,0.498,"LSO"
2011,0.407,"LBR"
2011,0.625,"LBY"
2011,0.819,"LIE"
2011,0.85,"LTU"
2011,0.78,"LUX"
2011,0.484,"MDG"
2011,0.433,"MWI"
2011,0.694,"MYS"
2011,0.513,"MDV"
2011,0.283,"MLI"
2011,0.763,"MLT"
2011,NA,"MHL"
2011,0.344,"MRT"
2011,0.681,"MUS"
2011,0.638,"MEX"
2011,0.573,"FSM"
2011,0.699,"MDA"
2011,0.734,"MNG"
2011,0.787,"MNE"
2011,0.463,"MAR"
2011,0.368,"MOZ"
2011,0.407,"MMR"
2011,0.549,"NAM"
2011,0.451,"NPL"
2011,0.896,"NLD"
2011,0.901,"NZL"
2011,0.524,"NIC"
2011,0.189,"NER"
2011,0.424,"NGA"
2011,0.914,"NOR"
2011,0.647,"OMN"
2011,0.37,"PAK"
2011,0.801,"PLW"
2011,0.66,"PSE"
2011,0.662,"PAN"
2011,0.419,"PNG"
2011,0.606,"PRY"
2011,0.678,"PER"
2011,0.633,"PHL"
2011,0.833,"POL"
2011,0.724,"PRT"
2011,0.662,"QAT"
2011,0.777,"ROU"
2011,0.784,"RUS"
2011,0.44,"RWA"
2011,0.642,"KNA"
2011,0.651,"LCA"
2011,0.661,"VCT"
2011,0.681,"WSM"
2011,0.466,"STP"
2011,0.719,"SAU"
2011,0.32,"SEN"
2011,0.744,"SRB"
2011,0.622,"SYC"
2011,0.357,"SLE"
2011,0.803,"SGP"
2011,0.818,"SVK"
2011,0.878,"SVN"
2011,0.442,"SLB"
2011,0.686,"ZAF"
2011,0.297,"SSD"
2011,0.793,"ESP"
2011,0.743,"LKA"
2011,0.299,"SDN"
2011,0.607,"SUR"
2011,0.851,"SWE"
2011,0.88,"CHE"
2011,0.548,"SYR"
2011,0.668,"TJK"
2011,0.415,"TZA"
2011,0.626,"THA"
2011,0.667,"MKD"
2011,0.503,"TLS"
2011,0.477,"TGO"
2011,0.761,"TON"
2011,0.71,"TTO"
2011,0.635,"TUN"
2011,0.639,"TUR"
2011,0.625,"TKM"
2011,0.487,"UGA"
2011,0.787,"UKR"
2011,0.711,"ARE"
2011,0.872,"GBR"
2011,0.907,"USA"
2011,0.703,"URY"
2011,0.681,"UZB"
2011,0.525,"VUT"
2011,0.718,"VEN"
2011,0.602,"VNM"
2011,0.343,"YEM"
2011,0.563,"ZMB"
2011,0.514,"ZWE"
2012,0.39,"AFG"
2012,0.73,"ALB"
2012,0.652,"DZA"
2012,0.715,"AND"
2012,0.435,"AGO"
2012,0.663,"ATG"
2012,0.805,"ARG"
2012,0.735,"ARM"
2012,0.919,"AUS"
2012,0.841,"AUT"
2012,0.689,"AZE"
2012,0.726,"BHS"
2012,0.664,"BHR"
2012,0.454,"BGD"
2012,0.776,"BRB"
2012,0.836,"BLR"
2012,0.874,"BEL"
2012,0.708,"BLZ"
2012,0.433,"BEN"
2012,0.424,"BTN"
2012,0.659,"BOL"
2012,0.672,"BIH"
2012,0.651,"BWA"
2012,0.63,"BRA"
2012,0.709,"BRN"
2012,0.764,"BGR"
2012,0.254,"BFA"
2012,0.399,"BDI"
2012,0.524,"CPV"
2012,0.467,"KHM"
2012,0.51,"CMR"
2012,0.867,"CAN"
2012,0.322,"CAF"
2012,0.278,"TCD"
2012,0.756,"CHL"
2012,0.617,"CHN"
2012,0.647,"COL"
2012,0.457,"COM"
2012,0.5,"COG"
2012,0.442,"COD"
2012,0.684,"CRI"
2012,0.778,"HRV"
2012,0.773,"CUB"
2012,0.777,"CYP"
2012,0.859,"CZE"
2012,0.393,"CIV"
2012,0.925,"DNK"
2012,0.303,"DJI"
2012,0.614,"DMA"
2012,0.616,"DOM"
2012,0.642,"ECU"
2012,0.571,"EGY"
2012,0.577,"SLV"
2012,0.439,"GNQ"
2012,0.271,"ERI"
2012,0.877,"EST"
2012,0.515,"SWZ"
2012,0.314,"ETH"
2012,0.753,"FJI"
2012,0.887,"FIN"
2012,0.817,"FRA"
2012,0.608,"GAB"
2012,0.348,"GMB"
2012,0.79,"GEO"
2012,0.935,"DEU"
2012,0.541,"GHA"
2012,0.805,"GRC"
2012,0.733,"GRD"
2012,0.45,"GTM"
2012,0.322,"GIN"
2012,0.377,"GNB"
2012,0.591,"GUY"
2012,0.411,"HTI"
2012,0.474,"HND"
2012,0.824,"HKG"
2012,0.831,"HUN"
2012,0.883,"ISL"
2012,0.507,"IND"
2012,0.607,"IDN"
2012,0.731,"IRN"
2012,0.506,"IRQ"
2012,0.878,"IRL"
2012,0.87,"ISR"
2012,0.787,"ITA"
2012,0.666,"JAM"
2012,0.823,"JPN"
2012,0.685,"JOR"
2012,0.801,"KAZ"
2012,0.515,"KEN"
2012,0.619,"KIR"
2012,0.86,"KOR"
2012,0.604,"KWT"
2012,0.71,"KGZ"
2012,0.459,"LAO"
2012,0.843,"LVA"
2012,0.619,"LBN"
2012,0.505,"LSO"
2012,0.414,"LBR"
2012,0.616,"LBY"
2012,0.827,"LIE"
2012,0.844,"LTU"
2012,0.779,"LUX"
2012,0.489,"MDG"
2012,0.438,"MWI"
2012,0.696,"MYS"
2012,0.525,"MDV"
2012,0.284,"MLI"
2012,0.777,"MLT"
2012,NA,"MHL"
2012,0.359,"MRT"
2012,0.699,"MUS"
2012,0.65,"MEX"
2012,0.581,"FSM"
2012,0.709,"MDA"
2012,0.74,"MNG"
2012,0.791,"MNE"
2012,0.481,"MAR"
2012,0.366,"MOZ"
2012,0.417,"MMR"
2012,0.557,"NAM"
2012,0.475,"NPL"
2012,0.895,"NLD"
2012,0.903,"NZL"
2012,0.529,"NIC"
2012,0.2,"NER"
2012,0.464,"NGA"
2012,0.907,"NOR"
2012,0.664,"OMN"
2012,0.376,"PAK"
2012,0.803,"PLW"
2012,0.667,"PSE"
2012,0.668,"PAN"
2012,0.419,"PNG"
2012,0.609,"PRY"
2012,0.666,"PER"
2012,0.644,"PHL"
2012,0.817,"POL"
2012,0.733,"PRT"
2012,0.678,"QAT"
2012,0.763,"ROU"
2012,0.796,"RUS"
2012,0.443,"RWA"
2012,0.652,"KNA"
2012,0.645,"LCA"
2012,0.657,"VCT"
2012,0.684,"WSM"
2012,0.476,"STP"
2012,0.747,"SAU"
2012,0.333,"SEN"
2012,0.741,"SRB"
2012,0.686,"SYC"
2012,0.364,"SLE"
2012,0.816,"SGP"
2012,0.824,"SVK"
2012,0.859,"SVN"
2012,0.447,"SLB"
2012,0.685,"ZAF"
2012,0.297,"SSD"
2012,0.8,"ESP"
2012,0.744,"LKA"
2012,0.311,"SDN"
2012,0.612,"SUR"
2012,0.854,"SWE"
2012,0.885,"CHE"
2012,0.561,"SYR"
2012,0.668,"TJK"
2012,0.426,"TZA"
2012,0.626,"THA"
2012,0.67,"MKD"
2012,0.503,"TLS"
2012,0.483,"TGO"
2012,0.761,"TON"
2012,0.712,"TTO"
2012,0.633,"TUN"
2012,0.651,"TUR"
2012,0.626,"TKM"
2012,0.483,"UGA"
2012,0.791,"UKR"
2012,0.719,"ARE"
2012,0.866,"GBR"
2012,0.906,"USA"
2012,0.717,"URY"
2012,0.692,"UZB"
2012,0.527,"VUT"
2012,0.719,"VEN"
2012,0.608,"VNM"
2012,0.349,"YEM"
2012,0.572,"ZMB"
2012,0.549,"ZWE"
2013,0.398,"AFG"
2013,0.732,"ALB"
2013,0.66,"DZA"
2013,0.715,"AND"
2013,0.447,"AGO"
2013,0.669,"ATG"
2013,0.804,"ARG"
2013,0.739,"ARM"
2013,0.921,"AUS"
2013,0.833,"AUT"
2013,0.698,"AZE"
2013,0.726,"BHS"
2013,0.674,"BHR"
2013,0.465,"BGD"
2013,0.777,"BRB"
2013,0.835,"BLR"
2013,0.88,"BEL"
2013,0.704,"BLZ"
2013,0.454,"BEN"
2013,0.429,"BTN"
2013,0.663,"BOL"
2013,0.686,"BIH"
2013,0.654,"BWA"
2013,0.655,"BRA"
2013,0.711,"BRN"
2013,0.779,"BGR"
2013,0.262,"BFA"
2013,0.408,"BDI"
2013,0.538,"CPV"
2013,0.474,"KHM"
2013,0.526,"CMR"
2013,0.87,"CAN"
2013,0.329,"CAF"
2013,0.286,"TCD"
2013,0.775,"CHL"
2013,0.627,"CHN"
2013,0.664,"COL"
2013,0.468,"COM"
2013,0.508,"COG"
2013,0.455,"COD"
2013,0.691,"CRI"
2013,0.787,"HRV"
2013,0.76,"CUB"
2013,0.788,"CYP"
2013,0.882,"CZE"
2013,0.399,"CIV"
2013,0.941,"DNK"
2013,0.306,"DJI"
2013,0.614,"DMA"
2013,0.619,"DOM"
2013,0.656,"ECU"
2013,0.583,"EGY"
2013,0.576,"SLV"
2013,0.439,"GNQ"
2013,0.272,"ERI"
2013,0.875,"EST"
2013,0.522,"SWZ"
2013,0.319,"ETH"
2013,0.766,"FJI"
2013,0.898,"FIN"
2013,0.822,"FRA"
2013,0.618,"GAB"
2013,0.36,"GMB"
2013,0.804,"GEO"
2013,0.933,"DEU"
2013,0.548,"GHA"
2013,0.812,"GRC"
2013,0.74,"GRD"
2013,0.452,"GTM"
2013,0.333,"GIN"
2013,0.384,"GNB"
2013,0.593,"GUY"
2013,0.416,"HTI"
2013,0.478,"HND"
2013,0.83,"HKG"
2013,0.834,"HUN"
2013,0.898,"ISL"
2013,0.515,"IND"
2013,0.614,"IDN"
2013,0.738,"IRN"
2013,0.501,"IRQ"
2013,0.894,"IRL"
2013,0.87,"ISR"
2013,0.794,"ITA"
2013,0.679,"JAM"
2013,0.83,"JPN"
2013,0.686,"JOR"
2013,0.802,"KAZ"
2013,0.522,"KEN"
2013,0.623,"KIR"
2013,0.861,"KOR"
2013,0.601,"KWT"
2013,0.721,"KGZ"
2013,0.471,"LAO"
2013,0.859,"LVA"
2013,0.623,"LBN"
2013,0.499,"LSO"
2013,0.42,"LBR"
2013,0.616,"LBY"
2013,0.824,"LIE"
2013,0.848,"LTU"
2013,0.778,"LUX"
2013,0.492,"MDG"
2013,0.442,"MWI"
2013,0.701,"MYS"
2013,0.538,"MDV"
2013,0.279,"MLI"
2013,0.789,"MLT"
2013,NA,"MHL"
2013,0.371,"MRT"
2013,0.707,"MUS"
2013,0.648,"MEX"
2013,0.59,"FSM"
2013,0.716,"MDA"
2013,0.745,"MNG"
2013,0.791,"MNE"
2013,0.495,"MAR"
2013,0.383,"MOZ"
2013,0.427,"MMR"
2013,0.562,"NAM"
2013,0.484,"NPL"
2013,0.899,"NLD"
2013,0.905,"NZL"
2013,0.536,"NIC"
2013,0.204,"NER"
2013,0.475,"NGA"
2013,0.914,"NOR"
2013,0.681,"OMN"
2013,0.38,"PAK"
2013,0.81,"PLW"
2013,0.654,"PSE"
2013,0.674,"PAN"
2013,0.425,"PNG"
2013,0.628,"PRY"
2013,0.674,"PER"
2013,0.655,"PHL"
2013,0.853,"POL"
2013,0.751,"PRT"
2013,0.701,"QAT"
2013,0.767,"ROU"
2013,0.806,"RUS"
2013,0.44,"RWA"
2013,0.663,"KNA"
2013,0.652,"LCA"
2013,0.661,"VCT"
2013,0.688,"WSM"
2013,0.489,"STP"
2013,0.77,"SAU"
2013,0.34,"SEN"
2013,0.744,"SRB"
2013,0.702,"SYC"
2013,0.372,"SLE"
2013,0.818,"SGP"
2013,0.823,"SVK"
2013,0.881,"SVN"
2013,0.453,"SLB"
2013,0.695,"ZAF"
2013,0.297,"SSD"
2013,0.804,"ESP"
2013,0.747,"LKA"
2013,0.316,"SDN"
2013,0.617,"SUR"
2013,0.863,"SWE"
2013,0.889,"CHE"
2013,0.451,"SYR"
2013,0.667,"TJK"
2013,0.412,"TZA"
2013,0.617,"THA"
2013,0.673,"MKD"
2013,0.504,"TLS"
2013,0.489,"TGO"
2013,0.763,"TON"
2013,0.714,"TTO"
2013,0.638,"TUN"
2013,0.667,"TUR"
2013,0.626,"TKM"
2013,0.489,"UGA"
2013,0.791,"UKR"
2013,0.727,"ARE"
2013,0.912,"GBR"
2013,0.897,"USA"
2013,0.731,"URY"
2013,0.699,"UZB"
2013,0.529,"VUT"
2013,0.724,"VEN"
2013,0.614,"VNM"
2013,0.349,"YEM"
2013,0.575,"ZMB"
2013,0.55,"ZWE"
2014,0.406,"AFG"
2014,0.733,"ALB"
2014,0.661,"DZA"
2014,0.716,"AND"
2014,0.46,"AGO"
2014,0.669,"ATG"
2014,0.808,"ARG"
2014,0.742,"ARM"
2014,0.924,"AUS"
2014,0.844,"AUT"
2014,0.709,"AZE"
2014,0.726,"BHS"
2014,0.685,"BHR"
2014,0.477,"BGD"
2014,0.777,"BRB"
2014,0.835,"BLR"
2014,0.883,"BEL"
2014,0.704,"BLZ"
2014,0.46,"BEN"
2014,0.443,"BTN"
2014,0.667,"BOL"
2014,0.699,"BIH"
2014,0.656,"BWA"
2014,0.664,"BRA"
2014,0.71,"BRN"
2014,0.786,"BGR"
2014,0.266,"BFA"
2014,0.419,"BDI"
2014,0.543,"CPV"
2014,0.479,"KHM"
2014,0.537,"CMR"
2014,0.887,"CAN"
2014,0.334,"CAF"
2014,0.292,"TCD"
2014,0.784,"CHL"
2014,0.637,"CHN"
2014,0.666,"COL"
2014,0.471,"COM"
2014,0.514,"COG"
2014,0.467,"COD"
2014,0.698,"CRI"
2014,0.793,"HRV"
2014,0.767,"CUB"
2014,0.793,"CYP"
2014,0.893,"CZE"
2014,0.393,"CIV"
2014,0.927,"DNK"
2014,0.307,"DJI"
2014,0.615,"DMA"
2014,0.624,"DOM"
2014,0.671,"ECU"
2014,0.586,"EGY"
2014,0.568,"SLV"
2014,0.439,"GNQ"
2014,0.274,"ERI"
2014,0.87,"EST"
2014,0.528,"SWZ"
2014,0.321,"ETH"
2014,0.77,"FJI"
2014,0.903,"FIN"
2014,0.833,"FRA"
2014,0.618,"GAB"
2014,0.364,"GMB"
2014,0.816,"GEO"
2014,0.936,"DEU"
2014,0.541,"GHA"
2014,0.831,"GRC"
2014,0.747,"GRD"
2014,0.51,"GTM"
2014,0.339,"GIN"
2014,0.389,"GNB"
2014,0.596,"GUY"
2014,0.421,"HTI"
2014,0.483,"HND"
2014,0.846,"HKG"
2014,0.821,"HUN"
2014,0.906,"ISL"
2014,0.532,"IND"
2014,0.615,"IDN"
2014,0.738,"IRN"
2014,0.501,"IRQ"
2014,0.91,"IRL"
2014,0.875,"ISR"
2014,0.788,"ITA"
2014,0.684,"JAM"
2014,0.838,"JPN"
2014,0.696,"JOR"
2014,0.806,"KAZ"
2014,0.528,"KEN"
2014,0.62,"KIR"
2014,0.862,"KOR"
2014,0.608,"KWT"
2014,0.728,"KGZ"
2014,0.477,"LAO"
2014,0.865,"LVA"
2014,0.626,"LBN"
2014,0.502,"LSO"
2014,0.425,"LBR"
2014,0.616,"LBY"
2014,0.818,"LIE"
2014,0.88,"LTU"
2014,0.783,"LUX"
2014,0.494,"MDG"
2014,0.445,"MWI"
2014,0.708,"MYS"
2014,0.551,"MDV"
2014,0.285,"MLI"
2014,0.798,"MLT"
2014,NA,"MHL"
2014,0.381,"MRT"
2014,0.729,"MUS"
2014,0.655,"MEX"
2014,0.59,"FSM"
2014,0.714,"MDA"
2014,0.75,"MNG"
2014,0.791,"MNE"
2014,0.504,"MAR"
2014,0.383,"MOZ"
2014,0.431,"MMR"
2014,0.565,"NAM"
2014,0.488,"NPL"
2014,0.902,"NLD"
2014,0.907,"NZL"
2014,0.553,"NIC"
2014,0.207,"NER"
2014,0.475,"NGA"
2014,0.907,"NOR"
2014,0.692,"OMN"
2014,0.395,"PAK"
2014,0.818,"PLW"
2014,0.655,"PSE"
2014,0.681,"PAN"
2014,0.42,"PNG"
2014,0.63,"PRY"
2014,0.696,"PER"
2014,0.657,"PHL"
2014,0.822,"POL"
2014,0.755,"PRT"
2014,0.698,"QAT"
2014,0.765,"ROU"
2014,0.812,"RUS"
2014,0.445,"RWA"
2014,0.674,"KNA"
2014,0.661,"LCA"
2014,0.654,"VCT"
2014,0.688,"WSM"
2014,0.5,"STP"
2014,0.787,"SAU"
2014,0.347,"SEN"
2014,0.756,"SRB"
2014,0.715,"SYC"
2014,0.374,"SLE"
2014,0.828,"SGP"
2014,0.821,"SVK"
2014,0.876,"SVN"
2014,0.458,"SLB"
2014,0.703,"ZAF"
2014,0.297,"SSD"
2014,0.813,"ESP"
2014,0.749,"LKA"
2014,0.32,"SDN"
2014,0.621,"SUR"
2014,0.882,"SWE"
2014,0.892,"CHE"
2014,0.431,"SYR"
2014,0.664,"TJK"
2014,0.42,"TZA"
2014,0.629,"THA"
2014,0.676,"MKD"
2014,0.504,"TLS"
2014,0.499,"TGO"
2014,0.766,"TON"
2014,0.714,"TTO"
2014,0.64,"TUN"
2014,0.678,"TUR"
2014,0.627,"TKM"
2014,0.495,"UGA"
2014,0.794,"UKR"
2014,0.732,"ARE"
2014,0.92,"GBR"
2014,0.898,"USA"
2014,0.736,"URY"
2014,0.702,"UZB"
2014,0.529,"VUT"
2014,0.729,"VEN"
2014,0.613,"VNM"
2014,0.349,"YEM"
2014,0.577,"ZMB"
2014,0.558,"ZWE"
2015,0.41,"AFG"
2015,0.733,"ALB"
2015,0.662,"DZA"
2015,0.715,"AND"
2015,0.472,"AGO"
2015,0.676,"ATG"
2015,0.812,"ARG"
2015,0.746,"ARM"
2015,0.926,"AUS"
2015,0.847,"AUT"
2015,0.709,"AZE"
2015,0.726,"BHS"
2015,0.723,"BHR"
2015,0.488,"BGD"
2015,0.777,"BRB"
2015,0.836,"BLR"
2015,0.89,"BEL"
2015,0.704,"BLZ"
2015,0.466,"BEN"
2015,0.445,"BTN"
2015,0.672,"BOL"
2015,0.695,"BIH"
2015,0.658,"BWA"
2015,0.68,"BRA"
2015,0.705,"BRN"
2015,0.811,"BGR"
2015,0.277,"BFA"
2015,0.421,"BDI"
2015,0.549,"CPV"
2015,0.479,"KHM"
2015,0.542,"CMR"
2015,0.89,"CAN"
2015,0.339,"CAF"
2015,0.297,"TCD"
2015,0.797,"CHL"
2015,0.641,"CHN"
2015,0.669,"COL"
2015,0.473,"COM"
2015,0.521,"COG"
2015,0.478,"COD"
2015,0.713,"CRI"
2015,0.793,"HRV"
2015,0.768,"CUB"
2015,0.792,"CYP"
2015,0.891,"CZE"
2015,0.412,"CIV"
2015,0.918,"DNK"
2015,0.308,"DJI"
2015,0.618,"DMA"
2015,0.643,"DOM"
2015,0.675,"ECU"
2015,0.601,"EGY"
2015,0.571,"SLV"
2015,0.44,"GNQ"
2015,0.278,"ERI"
2015,0.869,"EST"
2015,0.528,"SWZ"
2015,0.322,"ETH"
2015,0.785,"FJI"
2015,0.904,"FIN"
2015,0.84,"FRA"
2015,0.618,"GAB"
2015,0.368,"GMB"
2015,0.831,"GEO"
2015,0.94,"DEU"
2015,0.556,"GHA"
2015,0.833,"GRC"
2015,0.754,"GRD"
2015,0.509,"GTM"
2015,0.339,"GIN"
2015,0.389,"GNB"
2015,0.596,"GUY"
2015,0.426,"HTI"
2015,0.494,"HND"
2015,0.852,"HKG"
2015,0.818,"HUN"
2015,0.906,"ISL"
2015,0.542,"IND"
2015,0.616,"IDN"
2015,0.741,"IRN"
2015,0.502,"IRQ"
2015,0.91,"IRL"
2015,0.876,"ISR"
2015,0.791,"ITA"
2015,0.686,"JAM"
2015,0.839,"JPN"
2015,0.706,"JOR"
2015,0.806,"KAZ"
2015,0.534,"KEN"
2015,0.62,"KIR"
2015,0.862,"KOR"
2015,0.616,"KWT"
2015,0.728,"KGZ"
2015,0.484,"LAO"
2015,0.866,"LVA"
2015,0.63,"LBN"
2015,0.498,"LSO"
2015,0.425,"LBR"
2015,0.616,"LBY"
2015,0.82,"LIE"
2015,0.88,"LTU"
2015,0.788,"LUX"
2015,0.498,"MDG"
2015,0.445,"MWI"
2015,0.713,"MYS"
2015,0.561,"MDV"
2015,0.286,"MLI"
2015,0.81,"MLT"
2015,NA,"MHL"
2015,0.381,"MRT"
2015,0.721,"MUS"
2015,0.666,"MEX"
2015,0.59,"FSM"
2015,0.709,"MDA"
2015,0.754,"MNG"
2015,0.79,"MNE"
2015,0.51,"MAR"
2015,0.385,"MOZ"
2015,0.436,"MMR"
2015,0.565,"NAM"
2015,0.495,"NPL"
2015,0.903,"NLD"
2015,0.914,"NZL"
2015,0.553,"NIC"
2015,0.208,"NER"
2015,0.477,"NGA"
2015,0.908,"NOR"
2015,0.706,"OMN"
2015,0.398,"PAK"
2015,0.826,"PLW"
2015,0.657,"PSE"
2015,0.681,"PAN"
2015,0.429,"PNG"
2015,0.637,"PRY"
2015,0.686,"PER"
2015,0.661,"PHL"
2015,0.853,"POL"
2015,0.757,"PRT"
2015,0.698,"QAT"
2015,0.767,"ROU"
2015,0.828,"RUS"
2015,0.434,"RWA"
2015,0.674,"KNA"
2015,0.676,"LCA"
2015,0.655,"VCT"
2015,0.689,"WSM"
2015,0.534,"STP"
2015,0.787,"SAU"
2015,0.354,"SEN"
2015,0.766,"SRB"
2015,0.721,"SYC"
2015,0.376,"SLE"
2015,0.83,"SGP"
2015,0.831,"SVK"
2015,0.879,"SVN"
2015,0.465,"SLB"
2015,0.708,"ZAF"
2015,0.297,"SSD"
2015,0.819,"ESP"
2015,0.751,"LKA"
2015,0.324,"SDN"
2015,0.632,"SUR"
2015,0.902,"SWE"
2015,0.894,"CHE"
2015,0.412,"SYR"
2015,0.662,"TJK"
2015,0.441,"TZA"
2015,0.64,"THA"
2015,0.689,"MKD"
2015,0.505,"TLS"
2015,0.5,"TGO"
2015,0.769,"TON"
2015,0.715,"TTO"
2015,0.646,"TUN"
2015,0.683,"TUR"
2015,0.627,"TKM"
2015,0.501,"UGA"
2015,0.794,"UKR"
2015,0.737,"ARE"
2015,0.911,"GBR"
2015,0.9,"USA"
2015,0.731,"URY"
2015,0.704,"UZB"
2015,0.529,"VUT"
2015,0.733,"VEN"
2015,0.619,"VNM"
2015,0.349,"YEM"
2015,0.577,"ZMB"
2015,0.558,"ZWE"
2016,0.41,"AFG"
2016,0.742,"ALB"
2016,0.663,"DZA"
2016,0.714,"AND"
2016,0.487,"AGO"
2016,0.676,"ATG"
2016,0.814,"ARG"
2016,0.749,"ARM"
2016,0.929,"AUS"
2016,0.852,"AUT"
2016,0.709,"AZE"
2016,0.726,"BHS"
2016,0.758,"BHR"
2016,0.49,"BGD"
2016,0.777,"BRB"
2016,0.838,"BLR"
2016,0.893,"BEL"
2016,0.705,"BLZ"
2016,0.471,"BEN"
2016,0.446,"BTN"
2016,0.683,"BOL"
2016,0.718,"BIH"
2016,0.659,"BWA"
2016,0.686,"BRA"
2016,0.704,"BRN"
2016,0.805,"BGR"
2016,0.285,"BFA"
2016,0.424,"BDI"
2016,0.555,"CPV"
2016,0.483,"KHM"
2016,0.547,"CMR"
2016,0.894,"CAN"
2016,0.341,"CAF"
2016,0.298,"TCD"
2016,0.8,"CHL"
2016,0.644,"CHN"
2016,0.676,"COL"
2016,0.473,"COM"
2016,0.526,"COG"
2016,0.486,"COD"
2016,0.715,"CRI"
2016,0.791,"HRV"
2016,0.774,"CUB"
2016,0.808,"CYP"
2016,0.893,"CZE"
2016,0.421,"CIV"
2016,0.92,"DNK"
2016,0.309,"DJI"
2016,0.616,"DMA"
2016,0.643,"DOM"
2016,0.695,"ECU"
2016,0.604,"EGY"
2016,0.58,"SLV"
2016,0.443,"GNQ"
2016,0.279,"ERI"
2016,0.868,"EST"
2016,0.528,"SWZ"
2016,0.325,"ETH"
2016,0.785,"FJI"
2016,0.905,"FIN"
2016,0.84,"FRA"
2016,0.621,"GAB"
2016,0.368,"GMB"
2016,0.845,"GEO"
2016,0.94,"DEU"
2016,0.558,"GHA"
2016,0.838,"GRC"
2016,0.758,"GRD"
2016,0.514,"GTM"
2016,0.339,"GIN"
2016,0.392,"GNB"
2016,0.596,"GUY"
2016,0.428,"HTI"
2016,0.502,"HND"
2016,0.855,"HKG"
2016,0.815,"HUN"
2016,0.912,"ISL"
2016,0.556,"IND"
2016,0.622,"IDN"
2016,0.741,"IRN"
2016,0.502,"IRQ"
2016,0.918,"IRL"
2016,0.874,"ISR"
2016,0.791,"ITA"
2016,0.69,"JAM"
2016,0.846,"JPN"
2016,0.711,"JOR"
2016,0.809,"KAZ"
2016,0.543,"KEN"
2016,0.62,"KIR"
2016,0.862,"KOR"
2016,0.618,"KWT"
2016,0.735,"KGZ"
2016,0.485,"LAO"
2016,0.866,"LVA"
2016,0.634,"LBN"
2016,0.502,"LSO"
2016,0.43,"LBR"
2016,0.616,"LBY"
2016,0.827,"LIE"
2016,0.879,"LTU"
2016,0.792,"LUX"
2016,0.498,"MDG"
2016,0.45,"MWI"
2016,0.719,"MYS"
2016,0.56,"MDV"
2016,0.287,"MLI"
2016,0.818,"MLT"
2016,NA,"MHL"
2016,0.385,"MRT"
2016,0.729,"MUS"
2016,0.678,"MEX"
2016,0.592,"FSM"
2016,0.71,"MDA"
2016,0.766,"MNG"
2016,0.79,"MNE"
2016,0.525,"MAR"
2016,0.385,"MOZ"
2016,0.44,"MMR"
2016,0.569,"NAM"
2016,0.502,"NPL"
2016,0.905,"NLD"
2016,0.917,"NZL"
2016,0.558,"NIC"
2016,0.212,"NER"
2016,0.483,"NGA"
2016,0.915,"NOR"
2016,0.706,"OMN"
2016,0.411,"PAK"
2016,0.837,"PLW"
2016,0.66,"PSE"
2016,0.687,"PAN"
2016,0.429,"PNG"
2016,0.631,"PRY"
2016,0.688,"PER"
2016,0.661,"PHL"
2016,0.862,"POL"
2016,0.759,"PRT"
2016,0.698,"QAT"
2016,0.762,"ROU"
2016,0.832,"RUS"
2016,0.45,"RWA"
2016,0.674,"KNA"
2016,0.676,"LCA"
2016,0.655,"VCT"
2016,0.692,"WSM"
2016,0.546,"STP"
2016,0.787,"SAU"
2016,0.361,"SEN"
2016,0.778,"SRB"
2016,0.724,"SYC"
2016,0.382,"SLE"
2016,0.83,"SGP"
2016,0.831,"SVK"
2016,0.887,"SVN"
2016,0.465,"SLB"
2016,0.708,"ZAF"
2016,0.297,"SSD"
2016,0.824,"ESP"
2016,0.749,"LKA"
2016,0.326,"SDN"
2016,0.636,"SUR"
2016,0.904,"SWE"
2016,0.897,"CHE"
2016,0.412,"SYR"
2016,0.66,"TJK"
2016,0.441,"TZA"
2016,0.65,"THA"
2016,0.691,"MKD"
2016,0.505,"TLS"
2016,0.506,"TGO"
2016,0.769,"TON"
2016,0.722,"TTO"
2016,0.656,"TUN"
2016,0.689,"TUR"
2016,0.629,"TKM"
2016,0.504,"UGA"
2016,0.794,"UKR"
2016,0.738,"ARE"
2016,0.914,"GBR"
2016,0.903,"USA"
2016,0.733,"URY"
2016,0.708,"UZB"
2016,0.529,"VUT"
2016,0.733,"VEN"
2016,0.621,"VNM"
2016,0.349,"YEM"
2016,0.58,"ZMB"
2016,0.558,"ZWE"
2017,0.415,"AFG"
2017,0.745,"ALB"
2017,0.664,"DZA"
2017,0.714,"AND"
2017,0.498,"AGO"
2017,0.676,"ATG"
2017,0.816,"ARG"
2017,0.749,"ARM"
2017,0.929,"AUS"
2017,0.852,"AUT"
2017,0.709,"AZE"
2017,0.726,"BHS"
2017,0.758,"BHR"
2017,0.508,"BGD"
2017,0.777,"BRB"
2017,0.838,"BLR"
2017,0.893,"BEL"
2017,0.705,"BLZ"
2017,0.471,"BEN"
2017,0.445,"BTN"
2017,0.687,"BOL"
2017,0.718,"BIH"
2017,0.659,"BWA"
2017,0.686,"BRA"
2017,0.704,"BRN"
2017,0.805,"BGR"
2017,0.286,"BFA"
2017,0.424,"BDI"
2017,0.555,"CPV"
2017,0.487,"KHM"
2017,0.547,"CMR"
2017,0.899,"CAN"
2017,0.341,"CAF"
2017,0.298,"TCD"
2017,0.8,"CHL"
2017,0.644,"CHN"
2017,0.676,"COL"
2017,0.473,"COM"
2017,0.526,"COG"
2017,0.496,"COD"
2017,0.719,"CRI"
2017,0.791,"HRV"
2017,0.78,"CUB"
2017,0.808,"CYP"
2017,0.893,"CZE"
2017,0.424,"CIV"
2017,0.92,"DNK"
2017,0.309,"DJI"
2017,0.613,"DMA"
2017,0.643,"DOM"
2017,0.697,"ECU"
2017,0.604,"EGY"
2017,0.58,"SLV"
2017,0.443,"GNQ"
2017,0.281,"ERI"
2017,0.869,"EST"
2017,0.528,"SWZ"
2017,0.327,"ETH"
2017,0.785,"FJI"
2017,0.905,"FIN"
2017,0.84,"FRA"
2017,0.628,"GAB"
2017,0.372,"GMB"
2017,0.845,"GEO"
2017,0.94,"DEU"
2017,0.558,"GHA"
2017,0.838,"GRC"
2017,0.758,"GRD"
2017,0.514,"GTM"
2017,0.339,"GIN"
2017,0.392,"GNB"
2017,0.596,"GUY"
2017,0.433,"HTI"
2017,0.502,"HND"
2017,0.855,"HKG"
2017,0.815,"HUN"
2017,0.912,"ISL"
2017,0.556,"IND"
2017,0.622,"IDN"
2017,0.741,"IRN"
2017,0.534,"IRQ"
2017,0.918,"IRL"
2017,0.874,"ISR"
2017,0.791,"ITA"
2017,0.69,"JAM"
2017,0.848,"JPN"
2017,0.711,"JOR"
2017,0.814,"KAZ"
2017,0.551,"KEN"
2017,0.62,"KIR"
2017,0.862,"KOR"
2017,0.62,"KWT"
2017,0.735,"KGZ"
2017,0.485,"LAO"
2017,0.866,"LVA"
2017,0.637,"LBN"
2017,0.502,"LSO"
2017,0.434,"LBR"
2017,0.616,"LBY"
2017,0.827,"LIE"
2017,0.879,"LTU"
2017,0.792,"LUX"
2017,0.498,"MDG"
2017,0.451,"MWI"
2017,0.719,"MYS"
2017,0.56,"MDV"
2017,0.293,"MLI"
2017,0.818,"MLT"
2017,0.723,"MHL"
2017,0.389,"MRT"
2017,0.729,"MUS"
2017,0.678,"MEX"
2017,0.59,"FSM"
2017,0.71,"MDA"
2017,0.766,"MNG"
2017,0.79,"MNE"
2017,0.529,"MAR"
2017,0.385,"MOZ"
2017,0.443,"MMR"
2017,0.571,"NAM"
2017,0.502,"NPL"
2017,0.906,"NLD"
2017,0.917,"NZL"
2017,0.558,"NIC"
2017,0.214,"NER"
2017,0.483,"NGA"
2017,0.915,"NOR"
2017,0.706,"OMN"
2017,0.411,"PAK"
2017,0.844,"PLW"
2017,0.66,"PSE"
2017,0.692,"PAN"
2017,0.43,"PNG"
2017,0.631,"PRY"
2017,0.689,"PER"
2017,0.661,"PHL"
2017,0.866,"POL"
2017,0.759,"PRT"
2017,0.698,"QAT"
2017,0.762,"ROU"
2017,0.832,"RUS"
2017,0.45,"RWA"
2017,0.68,"KNA"
2017,0.676,"LCA"
2017,0.655,"VCT"
2017,0.692,"WSM"
2017,0.557,"STP"
2017,0.787,"SAU"
2017,0.368,"SEN"
2017,0.778,"SRB"
2017,0.727,"SYC"
2017,0.39,"SLE"
2017,0.832,"SGP"
2017,0.831,"SVK"
2017,0.886,"SVN"
2017,0.469,"SLB"
2017,0.708,"ZAF"
2017,0.297,"SSD"
2017,0.824,"ESP"
2017,0.749,"LKA"
2017,0.328,"SDN"
2017,0.636,"SUR"
2017,0.904,"SWE"
2017,0.897,"CHE"
2017,0.412,"SYR"
2017,0.659,"TJK"
2017,0.441,"TZA"
2017,0.661,"THA"
2017,0.691,"MKD"
2017,0.505,"TLS"
2017,0.506,"TGO"
2017,0.77,"TON"
2017,0.722,"TTO"
2017,0.659,"TUN"
2017,0.689,"TUR"
2017,0.626,"TKM"
2017,0.525,"UGA"
2017,0.794,"UKR"
2017,0.738,"ARE"
2017,0.914,"GBR"
2017,0.903,"USA"
2017,0.733,"URY"
2017,0.718,"UZB"
2017,0.529,"VUT"
2017,0.741,"VEN"
2017,0.626,"VNM"
2017,0.349,"YEM"
2017,0.58,"ZMB"
2017,0.558,"ZWE"
